Property ID,Property name,Final URL,Image URL,Destination name,Description,Price,Sale price,Star rating,Category,Contextual keywords,Address,Tracking template,Custom parameter,Final mobile URL,Android app link,iOS app link,iOS app store ID
474,CONCORDE EL SALAM SHARM EL SHEIKH,https://www.teztour.ee/tours/6e38f410b43beaa52786931caac3290e/cityId/3746/countryId/5732/adults/2/ages/4/hotel/474/hotelTypeId/269506/mealTypeId/15350/rAndBBetter/yes/noTicketsTo/no/noTicketsFrom/no/hotelInStop/no/recommendedFlag/no/onlineConfirmFlag/no/tourMaxPrice/1500000/categoryGreatThan/yes/tourType/1/before/18.11.2025/after/11.11.2025/minNights/7/maxNights/10/currencyId/18864.et.html,https://img.tezapi.eu/hotel/864/Entertainment__3__4948_middle.jpg,Sharm El Sheikh,CONCORDE EL SALAM SHARM EL SHEIKH,685 EUR,,5,Hotel,,,,,,,,
482,PARK REGENCY SHARM EL SHEIKH RESORT EX. HYATT REGENCY,https://www.teztour.ee/tours/33ca5b146a04e3829d3f6997520737b7/cityId/3746/countryId/5732/adults/2/ages/4/hotel/482/hotelTypeId/269506/mealTypeId/15350/rAndBBetter/yes/noTicketsTo/no/noTicketsFrom/no/hotelInStop/no/recommendedFlag/no/onlineConfirmFlag/no/tourMaxPrice/1500000/categoryGreatThan/yes/tourType/1/before/11.11.2025/after/04.11.2025/minNights/7/maxNights/10/currencyId/18864.et.html,https://img.tezapi.eu/hotel/2421/IMG_5821-2_3839_middle.jpg,Sharm El Sheikh,PARK REGENCY SHARM EL SHEIKH RESORT EX. HYATT REGENCY,828 EUR,,5,Hotel,,,,,,,,
495,IBEROTEL PALACE,https://www.teztour.ee/tours/fd722116e4f8bf1ffce4f4c2c3e0e8de/cityId/3746/countryId/5732/adults/2/hotel/495/hotelTypeId/269506/mealTypeId/15350/rAndBBetter/yes/noTicketsTo/no/noTicketsFrom/no/hotelInStop/no/recommendedFlag/no/onlineConfirmFlag/no/tourMaxPrice/1500000/categoryGreatThan/yes/tourType/1/before/04.11.2025/after/28.10.2025/minNights/7/maxNights/10/currencyId/18864.et.html,https://img.tezapi.eu/hotel/470/Pool-2_4303_middle.jpg,Sharm El Sheikh,IBEROTEL PALACE,1327 EUR,,5,Hotel,,,,,,,,
511,DESERT ROSE RESORT HURGHADA,https://www.teztour.ee/tours/7b6e5ef9ad832d248d0e3da4b7cc465d/cityId/3746/countryId/5732/adults/2/ages/4/hotel/511/hotelTypeId/269506/mealTypeId/15350/rAndBBetter/yes/noTicketsTo/no/noTicketsFrom/no/hotelInStop/no/recommendedFlag/no/onlineConfirmFlag/no/tourMaxPrice/1500000/categoryGreatThan/yes/tourType/1/before/13.12.2025/after/06.12.2025/minNights/7/maxNights/10/currencyId/18864.et.html,https://img.tezapi.eu/hotel/2075/Pools_and_Landscape_3311_middle.jpg,Hurghada,DESERT ROSE RESORT HURGHADA,669 EUR,,5,Hotel,,,,,,,,
548,MONTE CARLO SHARM RESORT SPA & AQUA PARK,https://www.teztour.ee/tours/7629b15d82396d0203844f59246c1916/cityId/3746/countryId/5732/adults/2/ages/4/hotel/548/hotelTypeId/269506/mealTypeId/15350/rAndBBetter/yes/noTicketsTo/no/noTicketsFrom/no/hotelInStop/no/recommendedFlag/no/onlineConfirmFlag/no/tourMaxPrice/1500000/categoryGreatThan/yes/tourType/1/before/04.11.2025/after/28.10.2025/minNights/7/maxNights/10/currencyId/18864.et.html,https://img.tezapi.eu/hotel/3829/monyer_6139_middle.jpeg,Sharm El Sheikh,MONTE CARLO SHARM RESORT SPA & AQUA PARK,816 EUR,,5,Hotel,,,,,,,,
554,PHARAOH AZUR RESORT,https://www.teztour.ee/tours/2232b63f12acf0e569ec3de40c1388b0/cityId/3746/countryId/5732/adults/2/ages/4/hotel/554/hotelTypeId/269506/mealTypeId/15350/rAndBBetter/yes/noTicketsTo/no/noTicketsFrom/no/hotelInStop/no/recommendedFlag/no/onlineConfirmFlag/no/tourMaxPrice/1500000/categoryGreatThan/yes/tourType/1/before/13.12.2025/after/06.12.2025/minNights/7/maxNights/10/currencyId/18864.et.html,https://img.tezapi.eu/hotel/2297/1311785680053_middle.jpg,Hurghada,PHARAOH AZUR RESORT,503 EUR,,4,Hotel,,,,,,,,
558,RIXOS PREMIUM SEAGATE SHARM,https://www.teztour.ee/tours/f4603943255b78a92c2791081c9b3c14/cityId/3746/countryId/5732/adults/2/ages/4/hotel/558/hotelTypeId/269506/mealTypeId/15350/rAndBBetter/yes/noTicketsTo/no/noTicketsFrom/no/hotelInStop/no/recommendedFlag/no/onlineConfirmFlag/no/tourMaxPrice/1500000/categoryGreatThan/yes/tourType/1/before/18.11.2025/after/11.11.2025/minNights/7/maxNights/10/currencyId/18864.et.html,https://img.tezapi.eu/hotel/2725/ok__2__5420_middle.jpg,Sharm El Sheikh,RIXOS PREMIUM SEAGATE SHARM,1159 EUR,,5,Hotel,,,,,,,,
577,SWISSOTEL SHARM EL SHEIKH,https://www.teztour.ee/tours/cd88a47c687b5ddc5b89f6c273631fca/cityId/3746/countryId/5732/adults/2/ages/4/hotel/577/hotelTypeId/269506/mealTypeId/15350/rAndBBetter/yes/noTicketsTo/no/noTicketsFrom/no/hotelInStop/no/recommendedFlag/no/onlineConfirmFlag/no/tourMaxPrice/1500000/categoryGreatThan/yes/tourType/1/before/04.11.2025/after/28.10.2025/minNights/7/maxNights/10/currencyId/18864.et.html,https://img.tezapi.eu/hotel/3744/EGSS0049_15_6508_middle.jpg,Sharm El Sheikh,SWISSOTEL SHARM EL SHEIKH,878 EUR,,5,Hotel,,,,,,,,
595,BEACH ALBATROS RESORT HURGHADA,https://www.teztour.ee/tours/3dcaaebb265594ee575386405d14f7d2/cityId/3746/countryId/5732/adults/2/ages/4/hotel/595/hotelTypeId/269506/mealTypeId/15350/rAndBBetter/yes/noTicketsTo/no/noTicketsFrom/no/hotelInStop/no/recommendedFlag/no/onlineConfirmFlag/no/tourMaxPrice/1500000/categoryGreatThan/yes/tourType/1/before/13.12.2025/after/06.12.2025/minNights/7/maxNights/10/currencyId/18864.et.html,https://img.tezapi.eu/hotel/2186/Aqua_Park_19_773_middle.jpg,Hurghada,BEACH ALBATROS RESORT HURGHADA,607 EUR,,4,Hotel,,,,,,,,
597,JAZ ELITE CASA DEL MAR BEACH,https://www.teztour.ee/tours/9b093cfbe576348265ff1d94e86229bd/cityId/3746/countryId/5732/adults/2/ages/4/hotel/597/hotelTypeId/269506/mealTypeId/15350/rAndBBetter/yes/noTicketsTo/no/noTicketsFrom/no/hotelInStop/no/recommendedFlag/no/onlineConfirmFlag/no/tourMaxPrice/1500000/categoryGreatThan/yes/tourType/1/before/13.12.2025/after/06.12.2025/minNights/7/maxNights/10/currencyId/18864.et.html,https://img.tezapi.eu/hotel/725/beach-1-202121511_2858_middle.jpg,Hurghada,JAZ ELITE CASA DEL MAR BEACH,753 EUR,,5,Hotel,,,,,,,,
599,SWISS INN RESORT HURGHADA,https://www.teztour.ee/tours/8fbdc681484e2d38ef46728cd26f69fd/cityId/3746/countryId/5732/adults/2/ages/4/hotel/599/hotelTypeId/269506/mealTypeId/15350/rAndBBetter/yes/noTicketsTo/no/noTicketsFrom/no/hotelInStop/no/recommendedFlag/no/onlineConfirmFlag/no/tourMaxPrice/1500000/categoryGreatThan/yes/tourType/1/before/13.12.2025/after/06.12.2025/minNights/7/maxNights/10/currencyId/18864.et.html,https://img.tezapi.eu/hotel/1536/DSC_7073_8478_middle.jpg,Hurghada,SWISS INN RESORT HURGHADA,566 EUR,,5,Hotel,,,,,,,,
601,LE PACHA,https://www.teztour.ee/tours/31a7998fa1950e09ecd82f401579d77d/cityId/3746/countryId/5732/adults/2/ages/4/hotel/601/hotelTypeId/269506/mealTypeId/15350/rAndBBetter/yes/noTicketsTo/no/noTicketsFrom/no/hotelInStop/no/recommendedFlag/no/onlineConfirmFlag/no/tourMaxPrice/1500000/categoryGreatThan/yes/tourType/1/before/13.12.2025/after/06.12.2025/minNights/7/maxNights/10/currencyId/18864.et.html,https://img.tezapi.eu/hotel/777/374921003_8849_middle.jpg,Hurghada,LE PACHA,463 EUR,,4,Hotel,,,,,,,,
603,LONG BEACH RESORT HURGHADA,https://www.teztour.ee/tours/520836dc450173947146cc57524b0e1c/cityId/3746/countryId/5732/adults/2/ages/4/hotel/603/hotelTypeId/269506/mealTypeId/15350/rAndBBetter/yes/noTicketsTo/no/noTicketsFrom/no/hotelInStop/no/recommendedFlag/no/onlineConfirmFlag/no/tourMaxPrice/1500000/categoryGreatThan/yes/tourType/1/before/13.12.2025/after/06.12.2025/minNights/7/maxNights/10/currencyId/18864.et.html,https://img.tezapi.eu/hotel/4207/02__22__4437_middle.jpg,Hurghada,LONG BEACH RESORT HURGHADA,592 EUR,,4,Hotel,,,,,,,,
605,MARLIN INN AZUR RESORT,https://www.teztour.ee/tours/2b926aa98ff765da3e09f947d39af4e8/cityId/3746/countryId/5732/adults/2/ages/4/hotel/605/hotelTypeId/269506/mealTypeId/15350/rAndBBetter/yes/noTicketsTo/no/noTicketsFrom/no/hotelInStop/no/recommendedFlag/no/onlineConfirmFlag/no/tourMaxPrice/1500000/categoryGreatThan/yes/tourType/1/before/13.12.2025/after/06.12.2025/minNights/7/maxNights/10/currencyId/18864.et.html,https://img.tezapi.eu/hotel/838/20_4135_middle.jpg,Hurghada,MARLIN INN AZUR RESORT,484 EUR,,3,Hotel,,,,,,,,
607,SUNNY DAYS PALMA DE MIRETTE,https://www.teztour.ee/tours/c8e8d3ccf949c936f6725741122a0eb2/cityId/3746/countryId/5732/adults/2/ages/4/hotel/607/hotelTypeId/269506/mealTypeId/15350/rAndBBetter/yes/noTicketsTo/no/noTicketsFrom/no/hotelInStop/no/recommendedFlag/no/onlineConfirmFlag/no/tourMaxPrice/1500000/categoryGreatThan/yes/tourType/1/before/13.12.2025/after/06.12.2025/minNights/7/maxNights/10/currencyId/18864.et.html,https://img.tezapi.eu/hotel/3661/A_8739_middle.JPG,Hurghada,SUNNY DAYS PALMA DE MIRETTE,515 EUR,,4,Hotel,,,,,,,,
609,DEXON ROMA HOTEL,https://www.teztour.ee/tours/ab78029460ac31304eece547e3b84be6/cityId/3746/countryId/5732/adults/2/ages/4/hotel/609/hotelTypeId/269506/mealTypeId/15350/rAndBBetter/yes/noTicketsTo/no/noTicketsFrom/no/hotelInStop/no/recommendedFlag/no/onlineConfirmFlag/no/tourMaxPrice/1500000/categoryGreatThan/yes/tourType/1/before/13.12.2025/after/06.12.2025/minNights/7/maxNights/10/currencyId/18864.et.html,https://img.tezapi.eu/hotel/3271/Orange_beach_&_Pool-2_6551_middle.jpg,Hurghada,DEXON ROMA HOTEL,421 EUR,,3,Hotel,,,,,,,,
611,PICKALBATROS WHITE BEACH RESORT HURGHADA,https://www.teztour.ee/tours/604e639a4e0af486b63c3b189b9f8d5a/cityId/3746/countryId/5732/adults/2/ages/4/hotel/611/hotelTypeId/269506/mealTypeId/15350/rAndBBetter/yes/noTicketsTo/no/noTicketsFrom/no/hotelInStop/no/recommendedFlag/no/onlineConfirmFlag/no/tourMaxPrice/1500000/categoryGreatThan/yes/tourType/1/before/13.12.2025/after/06.12.2025/minNights/7/maxNights/10/currencyId/18864.et.html,https://img.tezapi.eu/hotel/4119/Overview_9_4935_middle.jpg,Hurghada,PICKALBATROS WHITE BEACH RESORT HURGHADA,663 EUR,,5,Hotel,,,,,,,,
621,MENAVILLE SAFAGA,https://www.teztour.ee/tours/0811a0f72d35066966a9697296dcc60f/cityId/3746/countryId/5732/adults/2/ages/4/hotel/621/hotelTypeId/269506/mealTypeId/15350/rAndBBetter/yes/noTicketsTo/no/noTicketsFrom/no/hotelInStop/no/recommendedFlag/no/onlineConfirmFlag/no/tourMaxPrice/1500000/categoryGreatThan/yes/tourType/1/before/13.12.2025/after/06.12.2025/minNights/7/maxNights/10/currencyId/18864.et.html,https://img.tezapi.eu/hotel/708/Over_view_pool_DSC_0383_5938_middle.jpg,Safaga,MENAVILLE SAFAGA,490 EUR,,4,Hotel,,,,,,,,
633,LABRANDA CLUB MAKADI,https://www.teztour.ee/tours/4c745c702934342829704f849d9ff39d/cityId/3746/countryId/5732/adults/2/ages/4/hotel/633/hotelTypeId/269506/mealTypeId/15350/rAndBBetter/yes/noTicketsTo/no/noTicketsFrom/no/hotelInStop/no/recommendedFlag/no/onlineConfirmFlag/no/tourMaxPrice/1500000/categoryGreatThan/yes/tourType/1/before/13.12.2025/after/06.12.2025/minNights/7/maxNights/10/currencyId/18864.et.html,https://img.tezapi.eu/hotel/3288/01__2__2227_middle.jpg,Makady Bay,LABRANDA CLUB MAKADI,551 EUR,,4,Hotel,,,,,,,,
637,LABRANDA ROYAL MAKADI,https://www.teztour.ee/tours/8726eed7dde12d8c9247f7f6b76c29e2/cityId/3746/countryId/5732/adults/2/ages/4/hotel/637/hotelTypeId/269506/mealTypeId/15350/rAndBBetter/yes/noTicketsTo/no/noTicketsFrom/no/hotelInStop/no/recommendedFlag/no/onlineConfirmFlag/no/tourMaxPrice/1500000/categoryGreatThan/yes/tourType/1/before/13.12.2025/after/06.12.2025/minNights/7/maxNights/10/currencyId/18864.et.html,https://img.tezapi.eu/hotel/2038/03__8__89_middle.jpg,Makady Bay,LABRANDA ROYAL MAKADI,574 EUR,,5,Hotel,,,,,,,,
992,MERCURE HURGHADA,https://www.teztour.ee/tours/e1fde87550e902607a6a3a5951a5f165/cityId/3746/countryId/5732/adults/2/ages/4/hotel/992/hotelTypeId/269506/mealTypeId/15350/rAndBBetter/yes/noTicketsTo/no/noTicketsFrom/no/hotelInStop/no/recommendedFlag/no/onlineConfirmFlag/no/tourMaxPrice/1500000/categoryGreatThan/yes/tourType/1/before/13.12.2025/after/06.12.2025/minNights/7/maxNights/10/currencyId/18864.et.html,https://img.tezapi.eu/hotel/3638/MERCURE-HURGHADA_164_picture_10012024_1247_659e7fab5ec699_29671522_2844_middle.jpg,Hurghada,MERCURE HURGHADA,536 EUR,,4,Hotel,,,,,,,,
1050,SUNNY DAYS MIRETTE FAMILY AQUA PARK RESORT,https://www.teztour.ee/tours/b41fd6732f9b2eab9eae25623d760a5e/cityId/3746/countryId/5732/adults/2/ages/4/hotel/1050/hotelTypeId/269506/mealTypeId/15350/rAndBBetter/yes/noTicketsTo/no/noTicketsFrom/no/hotelInStop/no/recommendedFlag/no/onlineConfirmFlag/no/tourMaxPrice/1500000/categoryGreatThan/yes/tourType/1/before/13.12.2025/after/06.12.2025/minNights/7/maxNights/10/currencyId/18864.et.html,https://img.tezapi.eu/hotel/2069/Mirette_Overview_2_9921_middle.jpg,Hurghada,SUNNY DAYS MIRETTE FAMILY AQUA PARK RESORT,475 EUR,,3,Hotel,,,,,,,,
1061,SAND BEACH,https://www.teztour.ee/tours/16b38e9cf937d216df4d71786dbf78c7/cityId/3746/countryId/5732/adults/2/ages/4/hotel/1061/hotelTypeId/269506/mealTypeId/15350/rAndBBetter/yes/noTicketsTo/no/noTicketsFrom/no/hotelInStop/no/recommendedFlag/no/onlineConfirmFlag/no/tourMaxPrice/1500000/categoryGreatThan/yes/tourType/1/before/13.12.2025/after/06.12.2025/minNights/7/maxNights/10/currencyId/18864.et.html,https://img.tezapi.eu/hotel/1491/DSC_8767_-_Copy_1850_middle.JPG,Hurghada,SAND BEACH,412 EUR,,3,Hotel,,,,,,,,
9946,SINDBAD CLUB,https://www.teztour.ee/tours/d4e17f7c41fa8783efcc848c0dfa8972/cityId/3746/countryId/5732/adults/2/ages/4/hotel/9946/hotelTypeId/269506/mealTypeId/15350/rAndBBetter/yes/noTicketsTo/no/noTicketsFrom/no/hotelInStop/no/recommendedFlag/no/onlineConfirmFlag/no/tourMaxPrice/1500000/categoryGreatThan/yes/tourType/1/before/13.12.2025/after/06.12.2025/minNights/7/maxNights/10/currencyId/18864.et.html,https://img.tezapi.eu/hotel/1730/Octopus_Slides__330_middle.JPG,Hurghada,SINDBAD CLUB,578 EUR,,4,Hotel,,,,,,,,
13810,SWISS INN RESORT DAHAB,https://www.teztour.ee/tours/3af2031fd3d9834dac5ae1a21914e359/cityId/3746/countryId/5732/adults/2/ages/4/hotel/13810/hotelTypeId/269506/mealTypeId/15350/rAndBBetter/yes/noTicketsTo/no/noTicketsFrom/no/hotelInStop/no/recommendedFlag/no/onlineConfirmFlag/no/tourMaxPrice/1500000/categoryGreatThan/yes/tourType/1/before/04.11.2025/after/28.10.2025/minNights/7/maxNights/10/currencyId/18864.et.html,https://img.tezapi.eu/hotel/4122/SI_Dahab_overview_1_9316_middle.jpg,Dahab,SWISS INN RESORT DAHAB,575 EUR,,4,Hotel,,,,,,,,
16279,MINAMARK RESORT & SPA,https://www.teztour.ee/tours/1e3601fe82d4da26da2140409b1393c4/cityId/3746/countryId/5732/adults/2/ages/4/hotel/16279/hotelTypeId/269506/mealTypeId/15350/rAndBBetter/yes/noTicketsTo/no/noTicketsFrom/no/hotelInStop/no/recommendedFlag/no/onlineConfirmFlag/no/tourMaxPrice/1500000/categoryGreatThan/yes/tourType/1/before/13.12.2025/after/06.12.2025/minNights/7/maxNights/10/currencyId/18864.et.html,https://img.tezapi.eu/hotel/1462/01__3__5715_middle.jpg,Hurghada,MINAMARK RESORT & SPA,461 EUR,,4,Hotel,,,,,,,,
17453,JAZ SHARM DREAMS RESORT,https://www.teztour.ee/tours/8a1c2fff083d3fecfc8a8fdbf0a7e7dd/cityId/3746/countryId/5732/adults/2/ages/4/hotel/17453/hotelTypeId/269506/mealTypeId/15350/rAndBBetter/yes/noTicketsTo/no/noTicketsFrom/no/hotelInStop/no/recommendedFlag/no/onlineConfirmFlag/no/tourMaxPrice/1500000/categoryGreatThan/yes/tourType/1/before/04.11.2025/after/28.10.2025/minNights/7/maxNights/10/currencyId/18864.et.html,https://img.tezapi.eu/hotel/1967/001-P-pool_116936010_9656_middle.jpg,Sharm El Sheikh,JAZ SHARM DREAMS RESORT,876 EUR,,5,Hotel,,,,,,,,
23638,SUNRISE GARDEN BEACH RESORT SELECT,https://www.teztour.ee/tours/fcd4dd89fb0ff160cfe4c0a5f77a9463/cityId/3746/countryId/5732/adults/2/ages/4/hotel/23638/hotelTypeId/269506/mealTypeId/15350/rAndBBetter/yes/noTicketsTo/no/noTicketsFrom/no/hotelInStop/no/recommendedFlag/no/onlineConfirmFlag/no/tourMaxPrice/1500000/categoryGreatThan/yes/tourType/1/before/20.12.2025/after/13.12.2025/minNights/7/maxNights/10/currencyId/18864.et.html,https://img.tezapi.eu/hotel/946/02__GB_Pool_Overview_2_8031_middle.jpg,Hurghada,SUNRISE GARDEN BEACH RESORT SELECT,661 EUR,,5,Hotel,,,,,,,,
24001,ARABIA AZUR,https://www.teztour.ee/tours/53b9fb0b1d8a093092a10c82f14ce433/cityId/3746/countryId/5732/adults/2/ages/4/hotel/24001/hotelTypeId/269506/mealTypeId/15350/rAndBBetter/yes/noTicketsTo/no/noTicketsFrom/no/hotelInStop/no/recommendedFlag/no/onlineConfirmFlag/no/tourMaxPrice/1500000/categoryGreatThan/yes/tourType/1/before/13.12.2025/after/06.12.2025/minNights/7/maxNights/10/currencyId/18864.et.html,https://img.tezapi.eu/hotel/406/444_8324_middle.jpg,Hurghada,ARABIA AZUR,578 EUR,,3,Hotel,,,,,,,,
24209,PICKALBATROS SHARM RESORT EX. BEACH ALBATROS SSH,https://www.teztour.ee/tours/5f622a2109ebe055441e6b804d9a012c/cityId/3746/countryId/5732/adults/2/ages/4/hotel/24209/hotelTypeId/269506/mealTypeId/15350/rAndBBetter/yes/noTicketsTo/no/noTicketsFrom/no/hotelInStop/no/recommendedFlag/no/onlineConfirmFlag/no/tourMaxPrice/1500000/categoryGreatThan/yes/tourType/1/before/04.11.2025/after/28.10.2025/minNights/7/maxNights/10/currencyId/18864.et.html,https://img.tezapi.eu/hotel/3256/97d51bd0-ae96-4e5b-8c26-2374f2fe4ee9_8525_middle.jpg,Sharm El Sheikh,PICKALBATROS SHARM RESORT EX. BEACH ALBATROS SSH,711 EUR,,4,Hotel,,,,,,,,
27732,NUBIAN VILLAGE,https://www.teztour.ee/tours/ef96e4ee2e71e671d0527cf332cee74e/cityId/3746/countryId/5732/adults/2/ages/4/hotel/27732/hotelTypeId/269506/mealTypeId/15350/rAndBBetter/yes/noTicketsTo/no/noTicketsFrom/no/hotelInStop/no/recommendedFlag/no/onlineConfirmFlag/no/tourMaxPrice/1500000/categoryGreatThan/yes/tourType/1/before/11.11.2025/after/04.11.2025/minNights/7/maxNights/10/currencyId/18864.et.html,https://img.tezapi.eu/hotel/2705/Nubian_Village_Aqua_Park__2__8705_middle.jpg,Sharm El Sheikh,NUBIAN VILLAGE,900 EUR,,5,Hotel,,,,,,,,
30499,RIXOS PREMIUM MAGAWISH,https://www.teztour.ee/tours/7e212e4e25a7cb727674c848ca241dc8/cityId/3746/countryId/5732/adults/2/ages/4/hotel/30499/hotelTypeId/269506/mealTypeId/15350/rAndBBetter/yes/noTicketsTo/no/noTicketsFrom/no/hotelInStop/no/recommendedFlag/no/onlineConfirmFlag/no/tourMaxPrice/1500000/categoryGreatThan/yes/tourType/1/before/06.12.2025/after/29.11.2025/minNights/7/maxNights/10/currencyId/18864.et.html,https://img.tezapi.eu/hotel/1520/02_RPM_General_View_0__2__4977_middle.jpg,Hurghada,RIXOS PREMIUM MAGAWISH,1237 EUR,,5,Hotel,,,,,,,,
37409,CHARMILLION SEA LIFE RESORT,https://www.teztour.ee/tours/400baf5195aa3fd923a5dc50be1ee342/cityId/3746/countryId/5732/adults/2/ages/4/hotel/37409/hotelTypeId/269506/mealTypeId/15350/rAndBBetter/yes/noTicketsTo/no/noTicketsFrom/no/hotelInStop/no/recommendedFlag/no/onlineConfirmFlag/no/tourMaxPrice/1500000/categoryGreatThan/yes/tourType/1/before/11.11.2025/after/04.11.2025/minNights/7/maxNights/10/currencyId/18864.et.html,https://img.tezapi.eu/hotel/3230/overview_9466_middle.jpg,Sharm El Sheikh,CHARMILLION SEA LIFE RESORT,687 EUR,,4,Hotel,,,,,,,,
38645,PALM ROYALE SOMA BAY,https://www.teztour.ee/tours/750bf1094967817c42d59d74d1bc1d88/cityId/3746/countryId/5732/adults/2/ages/4/hotel/38645/hotelTypeId/269506/mealTypeId/15350/rAndBBetter/yes/noTicketsTo/no/noTicketsFrom/no/hotelInStop/no/recommendedFlag/no/onlineConfirmFlag/no/tourMaxPrice/1500000/categoryGreatThan/yes/tourType/1/before/13.12.2025/after/06.12.2025/minNights/7/maxNights/10/currencyId/18864.et.html,https://img.tezapi.eu/hotel/206/Main_Photo_21_middle.jpg,Soma Bay,PALM ROYALE SOMA BAY,604 EUR,,5,Hotel,,,,,,,,
40110,TITANIC RESORT & AQUA PARK,https://www.teztour.ee/tours/3c1b5bd8f7f582de084bf360dbfc0ed8/cityId/3746/countryId/5732/adults/2/ages/4/hotel/40110/hotelTypeId/269506/mealTypeId/15350/rAndBBetter/yes/noTicketsTo/no/noTicketsFrom/no/hotelInStop/no/recommendedFlag/no/onlineConfirmFlag/no/tourMaxPrice/1500000/categoryGreatThan/yes/tourType/1/before/13.12.2025/after/06.12.2025/minNights/7/maxNights/10/currencyId/18864.et.html,https://img.tezapi.eu/hotel/3402/03_4305_middle.jpg,Hurghada,TITANIC RESORT & AQUA PARK,531 EUR,,4,Hotel,,,,,,,,
41235,PICKALBATROS DANA BEACH RESORT,https://www.teztour.ee/tours/e64af9480938a75e09610657bd8bc158/cityId/3746/countryId/5732/adults/2/ages/4/hotel/41235/hotelTypeId/269506/mealTypeId/15350/rAndBBetter/yes/noTicketsTo/no/noTicketsFrom/no/hotelInStop/no/recommendedFlag/no/onlineConfirmFlag/no/tourMaxPrice/1500000/categoryGreatThan/yes/tourType/1/before/13.12.2025/after/06.12.2025/minNights/7/maxNights/10/currencyId/18864.et.html,https://img.tezapi.eu/hotel/2945/01_Overview__3__3633_middle.jpg,Hurghada,PICKALBATROS DANA BEACH RESORT,635 EUR,,5,Hotel,,,,,,,,
41290,PICKALBATROS ALF LEILA WA LEILA BY NEVERLAND HURGHADA,https://www.teztour.ee/tours/cd3f91cce2ab7337bd899cac47027343/cityId/3746/countryId/5732/adults/2/ages/4/hotel/41290/hotelTypeId/269506/mealTypeId/15350/rAndBBetter/yes/noTicketsTo/no/noTicketsFrom/no/hotelInStop/no/recommendedFlag/no/onlineConfirmFlag/no/tourMaxPrice/1500000/categoryGreatThan/yes/tourType/1/before/01.11.2025/after/25.10.2025/minNights/7/maxNights/10/currencyId/18864.et.html,https://img.tezapi.eu/hotel/1873/Overview_14_1524_middle.jpg,Hurghada,PICKALBATROS ALF LEILA WA LEILA BY NEVERLAND HURGHADA,575 EUR,,4,Hotel,,,,,,,,
41299,PICKALBATROS AQUA PARK RESORT HURGHADA,https://www.teztour.ee/tours/1e9e571cf020da567074a2b78c7b0b1c/cityId/3746/countryId/5732/adults/2/ages/4/hotel/41299/hotelTypeId/269506/mealTypeId/15350/rAndBBetter/yes/noTicketsTo/no/noTicketsFrom/no/hotelInStop/no/recommendedFlag/no/onlineConfirmFlag/no/tourMaxPrice/1500000/categoryGreatThan/yes/tourType/1/before/01.11.2025/after/25.10.2025/minNights/7/maxNights/10/currencyId/18864.et.html,https://img.tezapi.eu/hotel/319/Over_View_8_2664_middle.jpg,Hurghada,PICKALBATROS AQUA PARK RESORT HURGHADA,536 EUR,,4,Hotel,,,,,,,,
41845,SUNNY DAYS EL PALACIO RESORT & SPA,https://www.teztour.ee/tours/d6ad0b69ea41b419ccc40782b53c720f/cityId/3746/countryId/5732/adults/2/ages/4/hotel/41845/hotelTypeId/269506/mealTypeId/15350/rAndBBetter/yes/noTicketsTo/no/noTicketsFrom/no/hotelInStop/no/recommendedFlag/no/onlineConfirmFlag/no/tourMaxPrice/1500000/categoryGreatThan/yes/tourType/1/before/13.12.2025/after/06.12.2025/minNights/7/maxNights/10/currencyId/18864.et.html,https://img.tezapi.eu/hotel/3350/Overview_1_7431_61131CF29433C488CF8999951AE7E061_6909_middle.jpg,Hurghada,SUNNY DAYS EL PALACIO RESORT & SPA,503 EUR,,4,Hotel,,,,,,,,
48502,SUNRISE HOLIDAYS,https://www.teztour.ee/tours/d44d988ace68628fa201b37d3ef878c7/cityId/3746/countryId/5732/adults/2/hotel/48502/hotelTypeId/269506/mealTypeId/15350/rAndBBetter/yes/noTicketsTo/no/noTicketsFrom/no/hotelInStop/no/recommendedFlag/no/onlineConfirmFlag/no/tourMaxPrice/1500000/categoryGreatThan/yes/tourType/1/before/01.11.2025/after/25.10.2025/minNights/7/maxNights/10/currencyId/18864.et.html,https://img.tezapi.eu/hotel/2616/03_HO_Beach_&_Pool_2_215_middle.jpg,Hurghada,SUNRISE HOLIDAYS,850 EUR,,5,Hotel,,,,,,,,
52299,SUNRISE SELECT ROYAL MAKADI RESORT,https://www.teztour.ee/tours/0b5a7072384c87df9c6cb1ff66bff8c0/cityId/3746/countryId/5732/adults/2/ages/4/hotel/52299/hotelTypeId/269506/mealTypeId/15350/rAndBBetter/yes/noTicketsTo/no/noTicketsFrom/no/hotelInStop/no/recommendedFlag/no/onlineConfirmFlag/no/tourMaxPrice/1500000/categoryGreatThan/yes/tourType/1/before/13.12.2025/after/06.12.2025/minNights/7/maxNights/10/currencyId/18864.et.html,https://img.tezapi.eu/hotel/2498/01__RM_Pool_Overview_3_2812_middle.jpg,Makady Bay,SUNRISE SELECT ROYAL MAKADI RESORT,649 EUR,,5,Hotel,,,,,,,,
53676,NUBIAN ISLAND,https://www.teztour.ee/tours/c647f227486b0173a2b943a8caeb6cbb/cityId/3746/countryId/5732/adults/2/ages/4/hotel/53676/hotelTypeId/269506/mealTypeId/15350/rAndBBetter/yes/noTicketsTo/no/noTicketsFrom/no/hotelInStop/no/recommendedFlag/no/onlineConfirmFlag/no/tourMaxPrice/1500000/categoryGreatThan/yes/tourType/1/before/04.11.2025/after/28.10.2025/minNights/7/maxNights/10/currencyId/18864.et.html,https://img.tezapi.eu/hotel/3437/Nubian_Island__Main_building__1__5599_middle.jpg,Sharm El Sheikh,NUBIAN ISLAND,820 EUR,,5,Hotel,,,,,,,,
55106,PICKALBATROS ROYAL MODERNA RESORT,https://www.teztour.ee/tours/e4dd73b580be55c47ac4ecec8b7bfceb/cityId/3746/countryId/5732/adults/2/ages/4/hotel/55106/hotelTypeId/269506/mealTypeId/15350/rAndBBetter/yes/noTicketsTo/no/noTicketsFrom/no/hotelInStop/no/recommendedFlag/no/onlineConfirmFlag/no/tourMaxPrice/1500000/categoryGreatThan/yes/tourType/1/before/04.11.2025/after/28.10.2025/minNights/7/maxNights/10/currencyId/18864.et.html,https://img.tezapi.eu/hotel/2079/weewe_4317_middle.jpeg,Sharm El Sheikh,PICKALBATROS ROYAL MODERNA RESORT,807 EUR,,5,Hotel,,,,,,,,
55861,BARON PALMS RESORT,https://www.teztour.ee/tours/b9b20da4492872d2a93c6c540a40b58a/cityId/3746/countryId/5732/adults/2/hotel/55861/hotelTypeId/269506/mealTypeId/15350/rAndBBetter/yes/noTicketsTo/no/noTicketsFrom/no/hotelInStop/no/recommendedFlag/no/onlineConfirmFlag/no/tourMaxPrice/1500000/categoryGreatThan/yes/tourType/1/before/11.11.2025/after/04.11.2025/minNights/7/maxNights/10/currencyId/18864.et.html,https://img.tezapi.eu/hotel/2223/09_BARON_PALMS_Outdoor_Pool_9597_middle.jpg,Sharm El Sheikh,BARON PALMS RESORT,1220 EUR,,5,Hotel,,,,,,,,
55864,BARON RESORT,https://www.teztour.ee/tours/e416cf605bd4713368419b87765dbd93/cityId/3746/countryId/5732/adults/2/ages/4/hotel/55864/hotelTypeId/269506/mealTypeId/15350/rAndBBetter/yes/noTicketsTo/no/noTicketsFrom/no/hotelInStop/no/recommendedFlag/no/onlineConfirmFlag/no/tourMaxPrice/1500000/categoryGreatThan/yes/tourType/1/before/11.11.2025/after/04.11.2025/minNights/7/maxNights/10/currencyId/18864.et.html,https://img.tezapi.eu/hotel/2787/06_BARON_RESORT_Sharm_Al_Sheikh_Olympic_Size_Swimming_Pool_&_Beach_5773_middle.jpg,Sharm El Sheikh,BARON RESORT,987 EUR,,5,Hotel,,,,,,,,
55948,GRAND ROTANA,https://www.teztour.ee/tours/740506d85a093927315f6aa42f41cef9/cityId/3746/countryId/5732/adults/2/ages/4/hotel/55948/hotelTypeId/269506/mealTypeId/15350/rAndBBetter/yes/noTicketsTo/no/noTicketsFrom/no/hotelInStop/no/recommendedFlag/no/onlineConfirmFlag/no/tourMaxPrice/1500000/categoryGreatThan/yes/tourType/1/before/18.11.2025/after/11.11.2025/minNights/7/maxNights/10/currencyId/18864.et.html,https://img.tezapi.eu/hotel/3432/Grand_Rotana_Resort_&_Spa_870_middle.jpg,Sharm El Sheikh,GRAND ROTANA,790 EUR,,5,Hotel,,,,,,,,
58043,SUNRISE ALMA BAY RESORT,https://www.teztour.ee/tours/c37fc78a45481cb71df39815c3e27c39/cityId/3746/countryId/5732/adults/2/ages/4/hotel/58043/hotelTypeId/269506/mealTypeId/15350/rAndBBetter/yes/noTicketsTo/no/noTicketsFrom/no/hotelInStop/no/recommendedFlag/no/onlineConfirmFlag/no/tourMaxPrice/1500000/categoryGreatThan/yes/tourType/1/before/13.12.2025/after/06.12.2025/minNights/7/maxNights/10/currencyId/18864.et.html,https://img.tezapi.eu/hotel/4240/Protels_Grand_Seas_Resort_011_5931_middle.jpg,Hurghada,SUNRISE ALMA BAY RESORT,568 EUR,,4,Hotel,,,,,,,,
69777,SERENITY ALPHA BEACH (EX. SERENITY MAKADI BEACH),https://www.teztour.ee/tours/b126af5a88f18a87b5f9985906e2e744/cityId/3746/countryId/5732/adults/2/ages/4/hotel/69777/hotelTypeId/269506/mealTypeId/15350/rAndBBetter/yes/noTicketsTo/no/noTicketsFrom/no/hotelInStop/no/recommendedFlag/no/onlineConfirmFlag/no/tourMaxPrice/1500000/categoryGreatThan/yes/tourType/1/before/13.12.2025/after/06.12.2025/minNights/7/maxNights/10/currencyId/18864.et.html,https://img.tezapi.eu/hotel/975/Pool_Bar_3222_middle.jpg,Makady Bay,SERENITY ALPHA BEACH (EX. SERENITY MAKADI BEACH),590 EUR,,5,Hotel,,,,,,,,
71086,SUNRISE GRAND SELECT CRYSTAL BAY,https://www.teztour.ee/tours/2fc2f75c21a213bd149276d582b3c26b/cityId/3746/countryId/5732/adults/2/ages/4/hotel/71086/hotelTypeId/269506/mealTypeId/15350/rAndBBetter/yes/noTicketsTo/no/noTicketsFrom/no/hotelInStop/no/recommendedFlag/no/onlineConfirmFlag/no/tourMaxPrice/1500000/categoryGreatThan/yes/tourType/1/before/13.12.2025/after/06.12.2025/minNights/7/maxNights/10/currencyId/18864.et.html,https://img.tezapi.eu/hotel/705/01_Pool_Overview_933_middle.jpg,Hurghada,SUNRISE GRAND SELECT CRYSTAL BAY,715 EUR,,5,Hotel,,,,,,,,
71438,BELLAGIO BEACH RESORT & SPA,https://www.teztour.ee/tours/1a3d5c2eb6a4198f6e4ec1f6e141d1cb/cityId/3746/countryId/5732/adults/2/ages/4/hotel/71438/hotelTypeId/269506/mealTypeId/15350/rAndBBetter/yes/noTicketsTo/no/noTicketsFrom/no/hotelInStop/no/recommendedFlag/no/onlineConfirmFlag/no/tourMaxPrice/1500000/categoryGreatThan/yes/tourType/1/before/13.12.2025/after/06.12.2025/minNights/7/maxNights/10/currencyId/18864.et.html,https://img.tezapi.eu/hotel/2445/reer_3358_middle.png,Hurghada,BELLAGIO BEACH RESORT & SPA,533 EUR,,5,Hotel,,,,,,,,
71698,TROPITEL DAHAB OASIS,https://www.teztour.ee/tours/fb06bbe789ea4b4a11f9573faa31fc2d/cityId/3746/countryId/5732/adults/2/ages/4/hotel/71698/hotelTypeId/269506/mealTypeId/15350/rAndBBetter/yes/noTicketsTo/no/noTicketsFrom/no/hotelInStop/no/recommendedFlag/no/onlineConfirmFlag/no/tourMaxPrice/1500000/categoryGreatThan/yes/tourType/1/before/11.11.2025/after/04.11.2025/minNights/7/maxNights/10/currencyId/18864.et.html,https://img.tezapi.eu/hotel/342/1311782296789_middle.jpg,Dahab,TROPITEL DAHAB OASIS,561 EUR,,4,Hotel,,,,,,,,
71798,ARABELLA  AZUR,https://www.teztour.ee/tours/0485f07383bf2eb92f97281d43d1305b/cityId/3746/countryId/5732/adults/2/ages/4/hotel/71798/hotelTypeId/269506/mealTypeId/15350/rAndBBetter/yes/noTicketsTo/no/noTicketsFrom/no/hotelInStop/no/recommendedFlag/no/onlineConfirmFlag/no/tourMaxPrice/1500000/categoryGreatThan/yes/tourType/1/before/13.12.2025/after/06.12.2025/minNights/7/maxNights/10/currencyId/18864.et.html,https://img.tezapi.eu/hotel/665/DSC04400_145_middle.jpg,Hurghada,ARABELLA  AZUR,547 EUR,,3,Hotel,,,,,,,,
71992,AKASSIA SWISS RESORT,https://www.teztour.ee/tours/d1741a64dd8697e336912ed62022668f/cityId/3746/countryId/5732/adults/2/ages/4/hotel/71992/hotelTypeId/269506/mealTypeId/15350/rAndBBetter/yes/noTicketsTo/no/noTicketsFrom/no/hotelInStop/no/recommendedFlag/no/onlineConfirmFlag/no/tourMaxPrice/1500000/categoryGreatThan/yes/tourType/1/before/13.12.2025/after/06.12.2025/minNights/7/maxNights/10/currencyId/18864.et.html,https://img.tezapi.eu/hotel/1657/AquaPark__3__7630_middle.jpg,Marsa Alam,AKASSIA SWISS RESORT,674 EUR,,5,Hotel,,,,,,,,
73557,EAGLES DOWNTOWN ZAHABIA RESORT & AQUA PARK,https://www.teztour.ee/tours/805075bc45a312dc440e50f416d7ffa6/cityId/3746/countryId/5732/adults/2/ages/4/hotel/73557/hotelTypeId/269506/mealTypeId/15350/rAndBBetter/yes/noTicketsTo/no/noTicketsFrom/no/hotelInStop/no/recommendedFlag/no/onlineConfirmFlag/no/tourMaxPrice/1500000/categoryGreatThan/yes/tourType/1/before/13.12.2025/after/06.12.2025/minNights/7/maxNights/10/currencyId/18864.et.html,https://img.tezapi.eu/hotel/2554/DJI_0559_2__1216_middle.jpg,Hurghada,EAGLES DOWNTOWN ZAHABIA RESORT & AQUA PARK,426 EUR,,3,Hotel,,,,,,,,
75139,GIFTUN AZUR,https://www.teztour.ee/tours/3a446afc4c9bf6b1276aff0f1cef7739/cityId/3746/countryId/5732/adults/2/ages/4/hotel/75139/hotelTypeId/269506/mealTypeId/15350/rAndBBetter/yes/noTicketsTo/no/noTicketsFrom/no/hotelInStop/no/recommendedFlag/no/onlineConfirmFlag/no/tourMaxPrice/1500000/categoryGreatThan/yes/tourType/1/before/01.11.2025/after/25.10.2025/minNights/7/maxNights/10/currencyId/18864.et.html,https://img.tezapi.eu/hotel/2994/kids_pool_4168_middle.jpg,Hurghada,GIFTUN AZUR,450 EUR,,3,Hotel,,,,,,,,
107088,"REHANA SHARM RESORT, AQUA PARK & SPA",https://www.teztour.ee/tours/e1ef4a5153d5f5ce4567e0f11af83e99/cityId/3746/countryId/5732/adults/2/ages/4/hotel/107088/hotelTypeId/269506/mealTypeId/15350/rAndBBetter/yes/noTicketsTo/no/noTicketsFrom/no/hotelInStop/no/recommendedFlag/no/onlineConfirmFlag/no/tourMaxPrice/1500000/categoryGreatThan/yes/tourType/1/before/04.11.2025/after/28.10.2025/minNights/7/maxNights/10/currencyId/18864.et.html,https://img.tezapi.eu/hotel/3614/1317388606010_middle.jpg,Sharm El Sheikh,"REHANA SHARM RESORT, AQUA PARK & SPA",531 EUR,,4,Hotel,,,,,,,,
108275,FALCON HILLS,https://www.teztour.ee/tours/c904c54b46c488e26a5feb1ab3e8d24f/cityId/3746/countryId/5732/adults/2/ages/4/hotel/108275/hotelTypeId/269506/mealTypeId/15350/rAndBBetter/yes/noTicketsTo/no/noTicketsFrom/no/hotelInStop/no/recommendedFlag/no/onlineConfirmFlag/no/tourMaxPrice/1500000/categoryGreatThan/yes/tourType/1/before/04.11.2025/after/28.10.2025/minNights/7/maxNights/10/currencyId/18864.et.html,https://img.tezapi.eu/hotel/2803/176939746_292613912503980_339370913422964344_n_7513_middle.jpg,Sharm El Sheikh,FALCON HILLS,425 EUR,,3,Hotel,,,,,,,,
110008,PICKALBATROS PALACE RESORT HURGHADA,https://www.teztour.ee/tours/6e7f7ad258fc9d10ee7e4892bba66004/cityId/3746/countryId/5732/adults/2/ages/4/hotel/110008/hotelTypeId/269506/mealTypeId/15350/rAndBBetter/yes/noTicketsTo/no/noTicketsFrom/no/hotelInStop/no/recommendedFlag/no/onlineConfirmFlag/no/tourMaxPrice/1500000/categoryGreatThan/yes/tourType/1/before/13.12.2025/after/06.12.2025/minNights/7/maxNights/10/currencyId/18864.et.html,https://img.tezapi.eu/hotel/3899/Pools_Overview_6_7559_middle.jpg,Hurghada,PICKALBATROS PALACE RESORT HURGHADA,621 EUR,,5,Hotel,,,,,,,,
110011,PICKALBATROS AQUA VISTA RESORT HURGHADA,https://www.teztour.ee/tours/bcf399f37042f5a0eb4cbceb4ca28e66/cityId/3746/countryId/5732/adults/2/ages/4/hotel/110011/hotelTypeId/269506/mealTypeId/15350/rAndBBetter/yes/noTicketsTo/no/noTicketsFrom/no/hotelInStop/no/recommendedFlag/no/onlineConfirmFlag/no/tourMaxPrice/1500000/categoryGreatThan/yes/tourType/1/before/01.11.2025/after/25.10.2025/minNights/7/maxNights/10/currencyId/18864.et.html,https://img.tezapi.eu/hotel/1751/Overview_1_2961_middle.jpg,Hurghada,PICKALBATROS AQUA VISTA RESORT HURGHADA,547 EUR,,4,Hotel,,,,,,,,
124739,PREMIER LE REVE HOTEL & SPA,https://www.teztour.ee/tours/42ca87f5b70696821bc17c284a0d4772/cityId/3746/countryId/5732/adults/2/hotel/124739/hotelTypeId/269506/mealTypeId/15350/rAndBBetter/yes/noTicketsTo/no/noTicketsFrom/no/hotelInStop/no/recommendedFlag/no/onlineConfirmFlag/no/tourMaxPrice/1500000/categoryGreatThan/yes/tourType/1/before/01.11.2025/after/25.10.2025/minNights/7/maxNights/10/currencyId/18864.et.html,https://img.tezapi.eu/hotel/1449/43_2451_middle.jpg,Sahl Hasheesh,PREMIER LE REVE HOTEL & SPA,1239 EUR,,5,Hotel,,,,,,,,
125158,PANORAMA NAAMA HEIGHTS,https://www.teztour.ee/tours/449928fea135d2792a87dcb156e03669/cityId/3746/countryId/5732/adults/2/ages/4/hotel/125158/hotelTypeId/269506/mealTypeId/15350/rAndBBetter/yes/noTicketsTo/no/noTicketsFrom/no/hotelInStop/no/recommendedFlag/no/onlineConfirmFlag/no/tourMaxPrice/1500000/categoryGreatThan/yes/tourType/1/before/04.11.2025/after/28.10.2025/minNights/7/maxNights/10/currencyId/18864.et.html,https://img.tezapi.eu/hotel/1171/Main_Swimming_Pool_9903_middle.jpg,Sharm El Sheikh,PANORAMA NAAMA HEIGHTS,452 EUR,,4,Hotel,,,,,,,,
127795,JAZ NEO SHARKS BAY,https://www.teztour.ee/tours/3a89ee52f42424e4e2c58241c7fcf6b5/cityId/3746/countryId/5732/adults/2/ages/4/hotel/127795/hotelTypeId/269506/mealTypeId/15350/rAndBBetter/yes/noTicketsTo/no/noTicketsFrom/no/hotelInStop/no/recommendedFlag/no/onlineConfirmFlag/no/tourMaxPrice/1500000/categoryGreatThan/yes/tourType/1/before/04.11.2025/after/28.10.2025/minNights/7/maxNights/10/currencyId/18864.et.html,https://img.tezapi.eu/hotel/2196/Beach-202191913_1__1568_middle.jpg,Sharm El Sheikh,JAZ NEO SHARKS BAY,551 EUR,,4,Hotel,,,,,,,,
129001,OLD PALACE RESORT SAHL HASHESH,https://www.teztour.ee/tours/509197396716609a2d300a880288b523/cityId/3746/countryId/5732/adults/2/ages/4/hotel/129001/hotelTypeId/269506/mealTypeId/15350/rAndBBetter/yes/noTicketsTo/no/noTicketsFrom/no/hotelInStop/no/recommendedFlag/no/onlineConfirmFlag/no/tourMaxPrice/1500000/categoryGreatThan/yes/tourType/1/before/13.12.2025/after/06.12.2025/minNights/7/maxNights/10/currencyId/18864.et.html,https://img.tezapi.eu/hotel/2327/l0_5905_middle.jpg,Sahl Hasheesh,OLD PALACE RESORT SAHL HASHESH,637 EUR,,5,Hotel,,,,,,,,
129334,JAZ MAKADI STAR,https://www.teztour.ee/tours/3986e0f8fbf1c513fc9a89fb2cab4977/cityId/3746/countryId/5732/adults/2/ages/4/hotel/129334/hotelTypeId/269506/mealTypeId/15350/rAndBBetter/yes/noTicketsTo/no/noTicketsFrom/no/hotelInStop/no/recommendedFlag/no/onlineConfirmFlag/no/tourMaxPrice/1500000/categoryGreatThan/yes/tourType/1/before/13.12.2025/after/06.12.2025/minNights/7/maxNights/10/currencyId/18864.et.html,https://img.tezapi.eu/hotel/4069/01_Overview-2-020118_898_middle.jpg,Makady Bay,JAZ MAKADI STAR,754 EUR,,5,Hotel,,,,,,,,
135904,PICKALBATROS JUNGLE AQUA PARK BY NEVERLAND,https://www.teztour.ee/tours/b7cfb0be8e29107c4465a6a05f16455d/cityId/3746/countryId/5732/adults/2/ages/4/hotel/135904/hotelTypeId/269506/mealTypeId/15350/rAndBBetter/yes/noTicketsTo/no/noTicketsFrom/no/hotelInStop/no/recommendedFlag/no/onlineConfirmFlag/no/tourMaxPrice/1500000/categoryGreatThan/yes/tourType/1/before/08.11.2025/after/01.11.2025/minNights/7/maxNights/10/currencyId/18864.et.html,https://img.tezapi.eu/hotel/1494/Aqua_Park_35_7839_middle.jpg,Hurghada,PICKALBATROS JUNGLE AQUA PARK BY NEVERLAND,596 EUR,,4,Hotel,,,,,,,,
143360,SPHINX AQUA PARK BEACH RESORT,https://www.teztour.ee/tours/ef56a8f6bbdba70de6e8272804fdf781/cityId/3746/countryId/5732/adults/2/ages/4/hotel/143360/hotelTypeId/269506/mealTypeId/15350/rAndBBetter/yes/noTicketsTo/no/noTicketsFrom/no/hotelInStop/no/recommendedFlag/no/onlineConfirmFlag/no/tourMaxPrice/1500000/categoryGreatThan/yes/tourType/1/before/13.12.2025/after/06.12.2025/minNights/7/maxNights/10/currencyId/18864.et.html,https://img.tezapi.eu/hotel/3092/Over-View-1_8062_middle.jpg,Hurghada,SPHINX AQUA PARK BEACH RESORT,470 EUR,,4,Hotel,,,,,,,,
155459,FALCON NAAMA STAR,https://www.teztour.ee/tours/65094ac086a6d3de534a0ce0c57ff500/cityId/3746/countryId/5732/adults/2/ages/4/hotel/155459/hotelTypeId/269506/mealTypeId/15350/rAndBBetter/yes/noTicketsTo/no/noTicketsFrom/no/hotelInStop/no/recommendedFlag/no/onlineConfirmFlag/no/tourMaxPrice/1500000/categoryGreatThan/yes/tourType/1/before/04.11.2025/after/28.10.2025/minNights/7/maxNights/10/currencyId/18864.et.html,https://img.tezapi.eu/hotel/194/14_2485_middle.jpg,Sharm El Sheikh,FALCON NAAMA STAR,431 EUR,,3,Hotel,,,,,,,,
155739,JAZ BELVEDERE,https://www.teztour.ee/tours/fad6f905265718b83aef151df7df6579/cityId/3746/countryId/5732/adults/2/ages/4/hotel/155739/hotelTypeId/269506/mealTypeId/15350/rAndBBetter/yes/noTicketsTo/no/noTicketsFrom/no/hotelInStop/no/recommendedFlag/no/onlineConfirmFlag/no/tourMaxPrice/1500000/categoryGreatThan/yes/tourType/1/before/04.11.2025/after/28.10.2025/minNights/7/maxNights/10/currencyId/18864.et.html,https://img.tezapi.eu/hotel/50005035/Morning-Overview_4356_middle.jpg,Sharm El Sheikh,JAZ BELVEDERE,773 EUR,,5,Hotel,,,,,,,,
156182,SHARM BRIDE RESORT AQUA & SPA,https://www.teztour.ee/tours/cb6e5d4c287c66a7b78be12e3d97b5ef/cityId/3746/countryId/5732/adults/2/ages/4/hotel/156182/hotelTypeId/269506/mealTypeId/15350/rAndBBetter/yes/noTicketsTo/no/noTicketsFrom/no/hotelInStop/no/recommendedFlag/no/onlineConfirmFlag/no/tourMaxPrice/1500000/categoryGreatThan/yes/tourType/1/before/04.11.2025/after/28.10.2025/minNights/7/maxNights/10/currencyId/18864.et.html,https://img.tezapi.eu/hotel/2873/pool_5_1669_middle.jpg,Sharm El Sheikh,SHARM BRIDE RESORT AQUA & SPA,433 EUR,,4,Hotel,,,,,,,,
156862,JAZ MIRABEL PARK & CLUB,https://www.teztour.ee/tours/503f1fd05269881e6574784e57fceb7a/cityId/3746/countryId/5732/adults/2/ages/4/hotel/156862/hotelTypeId/269506/mealTypeId/15350/rAndBBetter/yes/noTicketsTo/no/noTicketsFrom/no/hotelInStop/no/recommendedFlag/no/onlineConfirmFlag/no/tourMaxPrice/1500000/categoryGreatThan/yes/tourType/1/before/04.11.2025/after/28.10.2025/minNights/7/maxNights/10/currencyId/18864.et.html,https://img.tezapi.eu/hotel/1515/Aqua-park2-20222214_7282_middle.jpg,Sharm El Sheikh,JAZ MIRABEL PARK & CLUB,658 EUR,,5,Hotel,,,,,,,,
157296,AMWAJ BEACH CLUB ABU SOMA,https://www.teztour.ee/tours/21da5f572496083f5b2e78a549f2d9f8/cityId/3746/countryId/5732/adults/2/ages/4/hotel/157296/hotelTypeId/269506/mealTypeId/15350/rAndBBetter/yes/noTicketsTo/no/noTicketsFrom/no/hotelInStop/no/recommendedFlag/no/onlineConfirmFlag/no/tourMaxPrice/1500000/categoryGreatThan/yes/tourType/1/before/13.12.2025/after/06.12.2025/minNights/7/maxNights/10/currencyId/18864.et.html,https://img.tezapi.eu/hotel/1152/IMG_6524_6477_middle.jpg,Soma Bay,AMWAJ BEACH CLUB ABU SOMA,483 EUR,,4,Hotel,,,,,,,,
157709,PICKALBATROS PALACE RESORT SHARM EL SHEIKH,https://www.teztour.ee/tours/53311e34f1e6d28ac3bd2c953553d994/cityId/3746/countryId/5732/adults/2/ages/4/hotel/157709/hotelTypeId/269506/mealTypeId/15350/rAndBBetter/yes/noTicketsTo/no/noTicketsFrom/no/hotelInStop/no/recommendedFlag/no/onlineConfirmFlag/no/tourMaxPrice/1500000/categoryGreatThan/yes/tourType/1/before/04.11.2025/after/28.10.2025/minNights/7/maxNights/10/currencyId/18864.et.html,https://img.tezapi.eu/hotel/3704/6_7728_middle.jpg,Sharm El Sheikh,PICKALBATROS PALACE RESORT SHARM EL SHEIKH,815 EUR,,5,Hotel,,,,,,,,
158527,AMWAJ OYOUN RESORT & CASINO,https://www.teztour.ee/tours/49d1280a98c06a07566dda59188e358a/cityId/3746/countryId/5732/adults/2/ages/4/hotel/158527/hotelTypeId/269506/mealTypeId/15350/rAndBBetter/yes/noTicketsTo/no/noTicketsFrom/no/hotelInStop/no/recommendedFlag/no/onlineConfirmFlag/no/tourMaxPrice/1500000/categoryGreatThan/yes/tourType/1/before/04.11.2025/after/28.10.2025/minNights/7/maxNights/10/currencyId/18864.et.html,https://img.tezapi.eu/hotel/139/DJI_0946-Edit_8119_middle.jpg,Sharm El Sheikh,AMWAJ OYOUN RESORT & CASINO,508 EUR,,4,Hotel,,,,,,,,
158896,DIVE INN RESORT,https://www.teztour.ee/tours/6daddd94ba4f8f1597ea26520ffbf3e7/cityId/3746/countryId/5732/adults/2/ages/4/hotel/158896/hotelTypeId/269506/mealTypeId/15350/rAndBBetter/yes/noTicketsTo/no/noTicketsFrom/no/hotelInStop/no/recommendedFlag/no/onlineConfirmFlag/no/tourMaxPrice/1500000/categoryGreatThan/yes/tourType/1/before/04.11.2025/after/28.10.2025/minNights/7/maxNights/10/currencyId/18864.et.html,https://img.tezapi.eu/hotel/125/Pool_01_3199_middle.jpg,Sharm El Sheikh,DIVE INN RESORT,483 EUR,,4,Hotel,,,,,,,,
160185,AMC ROYAL HOTEL & SPA,https://www.teztour.ee/tours/723c886be1c5c9ecaa09a2e9e841cb98/cityId/3746/countryId/5732/adults/2/ages/4/hotel/160185/hotelTypeId/269506/mealTypeId/15350/rAndBBetter/yes/noTicketsTo/no/noTicketsFrom/no/hotelInStop/no/recommendedFlag/no/onlineConfirmFlag/no/tourMaxPrice/1500000/categoryGreatThan/yes/tourType/1/before/13.12.2025/after/06.12.2025/minNights/7/maxNights/10/currencyId/18864.et.html,https://img.tezapi.eu/hotel/4339/01__2__2175_middle.jpg,Hurghada,AMC ROYAL HOTEL & SPA,498 EUR,,5,Hotel,,,,,,,,
160627,TITANIC PALACE RESORT & SPA,https://www.teztour.ee/tours/749065169af7e46c4c5005b0a20fcb8f/cityId/3746/countryId/5732/adults/2/ages/4/hotel/160627/hotelTypeId/269506/mealTypeId/15350/rAndBBetter/yes/noTicketsTo/no/noTicketsFrom/no/hotelInStop/no/recommendedFlag/no/onlineConfirmFlag/no/tourMaxPrice/1500000/categoryGreatThan/yes/tourType/1/before/13.12.2025/after/06.12.2025/minNights/7/maxNights/10/currencyId/18864.et.html,https://img.tezapi.eu/hotel/3520/DSC_2244_Panorama-min_7468_middle.jpg,Hurghada,TITANIC PALACE RESORT & SPA,540 EUR,,5,Hotel,,,,,,,,
206311,SERENITY ALMA RESORT (EX. SERENITY FUN CITY),https://www.teztour.ee/tours/989e0c31bc47db2a98992a9339c12325/cityId/3746/countryId/5732/adults/2/ages/4/hotel/206311/hotelTypeId/269506/mealTypeId/15350/rAndBBetter/yes/noTicketsTo/no/noTicketsFrom/no/hotelInStop/no/recommendedFlag/no/onlineConfirmFlag/no/tourMaxPrice/1500000/categoryGreatThan/yes/tourType/1/before/13.12.2025/after/06.12.2025/minNights/7/maxNights/10/currencyId/18864.et.html,https://img.tezapi.eu/hotel/30000124/P3199380_2755_middle.jpg,Makady Bay,SERENITY ALMA RESORT (EX. SERENITY FUN CITY),649 EUR,,5,Hotel,,,,,,,,
206365,TROPITEL SAHL HASHESH,https://www.teztour.ee/tours/41e8e3d9c8fc5947aec001312074bf6b/cityId/3746/countryId/5732/adults/2/ages/4/hotel/206365/hotelTypeId/269506/mealTypeId/15350/rAndBBetter/yes/noTicketsTo/no/noTicketsFrom/no/hotelInStop/no/recommendedFlag/no/onlineConfirmFlag/no/tourMaxPrice/1500000/categoryGreatThan/yes/tourType/1/before/13.12.2025/after/06.12.2025/minNights/7/maxNights/10/currencyId/18864.et.html,https://img.tezapi.eu/hotel/30000084/002-A-exterior_103527970_901_middle.jpg,Sahl Hasheesh,TROPITEL SAHL HASHESH,590 EUR,,5,Hotel,,,,,,,,
217703,XPERIENCE SEA BREEZE RESORT,https://www.teztour.ee/tours/9279a56af8ec93a088f770969b1ce9a1/cityId/3746/countryId/5732/adults/2/ages/4/hotel/217703/hotelTypeId/269506/mealTypeId/15350/rAndBBetter/yes/noTicketsTo/no/noTicketsFrom/no/hotelInStop/no/recommendedFlag/no/onlineConfirmFlag/no/tourMaxPrice/1500000/categoryGreatThan/yes/tourType/1/before/18.11.2025/after/11.11.2025/minNights/7/maxNights/10/currencyId/18864.et.html,https://img.tezapi.eu/hotel/7000214/14_4545_middle.jpg,Sharm El Sheikh,XPERIENCE SEA BREEZE RESORT,694 EUR,,5,Hotel,,,,,,,,
225776,CHARMILLION CLUB AQUA PARK,https://www.teztour.ee/tours/00b1f2e406e3d2f52b03d0080405bfa1/cityId/3746/countryId/5732/adults/2/ages/4/hotel/225776/hotelTypeId/269506/mealTypeId/15350/rAndBBetter/yes/noTicketsTo/no/noTicketsFrom/no/hotelInStop/no/recommendedFlag/no/onlineConfirmFlag/no/tourMaxPrice/1500000/categoryGreatThan/yes/tourType/1/before/11.11.2025/after/04.11.2025/minNights/7/maxNights/10/currencyId/18864.et.html,https://img.tezapi.eu/hotel/7012307/DSC_0957xxx_9918_middle.jpg,Sharm El Sheikh,CHARMILLION CLUB AQUA PARK,674 EUR,,4,Hotel,,,,,,,,
232382,RIXOS SHARM EL SHEIKH RESORT,https://www.teztour.ee/tours/85c4d0de7ae00e216587339b11db0ffd/cityId/3746/countryId/5732/adults/2/hotel/232382/hotelTypeId/269506/mealTypeId/15350/rAndBBetter/yes/noTicketsTo/no/noTicketsFrom/no/hotelInStop/no/recommendedFlag/no/onlineConfirmFlag/no/tourMaxPrice/1500000/categoryGreatThan/yes/tourType/1/before/04.11.2025/after/28.10.2025/minNights/7/maxNights/10/currencyId/18864.et.html,https://img.tezapi.eu/hotel/7012133/RSS_Air_Photos_1_4660_middle.jpg,Sharm El Sheikh,RIXOS SHARM EL SHEIKH RESORT,1480 EUR,,5,Hotel,,,,,,,,
247718,MOVENPICK WATERPARK RESORT AND SPA SOMA BAY,https://www.teztour.ee/tours/814726b35965b291140cb0c2cd581f6e/cityId/3746/countryId/5732/adults/2/ages/4/hotel/247718/hotelTypeId/269506/mealTypeId/15350/rAndBBetter/yes/noTicketsTo/no/noTicketsFrom/no/hotelInStop/no/recommendedFlag/no/onlineConfirmFlag/no/tourMaxPrice/1500000/categoryGreatThan/yes/tourType/1/before/13.12.2025/after/06.12.2025/minNights/7/maxNights/10/currencyId/18864.et.html,https://img.tezapi.eu/hotel/50000603/Movenpick_Soma_1_1678_middle.jpg,Soma Bay,MOVENPICK WATERPARK RESORT AND SPA SOMA BAY,555 EUR,,5,Hotel,,,,,,,,
251556,CLEOPATRA LUXURY RESORT MAKADI BAY,https://www.teztour.ee/tours/8bc2670331b3f48d9aee24074903feee/cityId/3746/countryId/5732/adults/2/ages/4/hotel/251556/hotelTypeId/269506/mealTypeId/15350/rAndBBetter/yes/noTicketsTo/no/noTicketsFrom/no/hotelInStop/no/recommendedFlag/no/onlineConfirmFlag/no/tourMaxPrice/1500000/categoryGreatThan/yes/tourType/1/before/13.12.2025/after/06.12.2025/minNights/7/maxNights/10/currencyId/18864.et.html,https://img.tezapi.eu/hotel/7016420/012-P-pool_114826045_7701_middle.jpg,Makady Bay,CLEOPATRA LUXURY RESORT MAKADI BAY,628 EUR,,5,Hotel,,,,,,,,
252892,BARON PALACE RESORT SAHL HASHESH,https://www.teztour.ee/tours/00c8cb77c5018adf0dd46b34a7607b24/cityId/3746/countryId/5732/adults/2/ages/4/hotel/252892/hotelTypeId/269506/mealTypeId/15350/rAndBBetter/yes/noTicketsTo/no/noTicketsFrom/no/hotelInStop/no/recommendedFlag/no/onlineConfirmFlag/no/tourMaxPrice/1500000/categoryGreatThan/yes/tourType/1/before/13.12.2025/after/06.12.2025/minNights/7/maxNights/10/currencyId/18864.et.html,https://img.tezapi.eu/hotel/7020378/14_BARON_PALACE_Sahl_Hasheesh_Infinity_Pool_2171_middle.JPG,Sahl Hasheesh,BARON PALACE RESORT SAHL HASHESH,1125 EUR,,5,Hotel,,,,,,,,
263122,CATARACT RESORT NAAMA BAY,https://www.teztour.ee/tours/51586bd9e855df0c91a34a6dc4226260/cityId/3746/countryId/5732/adults/2/ages/4/hotel/263122/hotelTypeId/269506/mealTypeId/15350/rAndBBetter/yes/noTicketsTo/no/noTicketsFrom/no/hotelInStop/no/recommendedFlag/no/onlineConfirmFlag/no/tourMaxPrice/1500000/categoryGreatThan/yes/tourType/1/before/04.11.2025/after/28.10.2025/minNights/7/maxNights/10/currencyId/18864.et.html,https://img.tezapi.eu/hotel/20266/Resort__3__7995_middle.jpg,Sharm El Sheikh,CATARACT RESORT NAAMA BAY,473 EUR,,4,Hotel,,,,,,,,
275426,SUNRISE GRAND SELECT MONTEMARE,https://www.teztour.ee/tours/811c03d00a24cc1699123d209440defe/cityId/3746/countryId/5732/adults/2/ages/4/hotel/275426/hotelTypeId/269506/mealTypeId/15350/rAndBBetter/yes/noTicketsTo/no/noTicketsFrom/no/hotelInStop/no/recommendedFlag/no/onlineConfirmFlag/no/tourMaxPrice/1500000/categoryGreatThan/yes/tourType/1/before/11.11.2025/after/04.11.2025/minNights/7/maxNights/10/currencyId/18864.et.html,https://img.tezapi.eu/hotel/7020407/03_1_Splash_Pool_5130_middle.jpg,Sharm El Sheikh,SUNRISE GRAND SELECT MONTEMARE,917 EUR,,5,Hotel,,,,,,,,
295907,XPERIENCE KIROSEIZ PREMIER AQUA PARK,https://www.teztour.ee/tours/92d8ce39dec06a9e78e814bc1959c522/cityId/3746/countryId/5732/adults/2/ages/4/hotel/295907/hotelTypeId/269506/mealTypeId/15350/rAndBBetter/yes/noTicketsTo/no/noTicketsFrom/no/hotelInStop/no/recommendedFlag/no/onlineConfirmFlag/no/tourMaxPrice/1500000/categoryGreatThan/yes/tourType/1/before/04.11.2025/after/28.10.2025/minNights/7/maxNights/10/currencyId/18864.et.html,https://img.tezapi.eu/hotel/50003334/5_1405_middle.jpg,Sharm El Sheikh,XPERIENCE KIROSEIZ PREMIER AQUA PARK,565 EUR,,5,Hotel,,,,,,,,
301197,NOVOTEL MARSA ALAM,https://www.teztour.ee/tours/71735dac46b3f224f6d6c8bac3ea6b20/cityId/3746/countryId/5732/adults/2/ages/4/hotel/301197/hotelTypeId/269506/mealTypeId/15350/rAndBBetter/yes/noTicketsTo/no/noTicketsFrom/no/hotelInStop/no/recommendedFlag/no/onlineConfirmFlag/no/tourMaxPrice/1500000/categoryGreatThan/yes/tourType/1/before/13.12.2025/after/06.12.2025/minNights/7/maxNights/10/currencyId/18864.et.html,https://img.tezapi.eu/hotel/50001536/04_DJI_0667_6803_middle.jpg,Marsa Alam,NOVOTEL MARSA ALAM,557 EUR,,5,Hotel,,,,,,,,
312593,SAFIR DAHAB RESORT,https://www.teztour.ee/tours/adde1e5265e2a2708a47b7158c25c53b/cityId/3746/countryId/5732/adults/2/ages/4/hotel/312593/hotelTypeId/269506/mealTypeId/15350/rAndBBetter/yes/noTicketsTo/no/noTicketsFrom/no/hotelInStop/no/recommendedFlag/no/onlineConfirmFlag/no/tourMaxPrice/1500000/categoryGreatThan/yes/tourType/1/before/11.11.2025/after/04.11.2025/minNights/7/maxNights/10/currencyId/18864.et.html,https://img.tezapi.eu/hotel/21967/748803f9-b1d9-42e2-b344-f2083b846d5b_461_middle.jpg,Dahab,SAFIR DAHAB RESORT,678 EUR,,5,Hotel,,,,,,,,
314498,PICKALBATROS AQUA BLU RESORT HRG,https://www.teztour.ee/tours/70793395650b19e40a5f163ded7bb1b9/cityId/3746/countryId/5732/adults/2/ages/4/hotel/314498/hotelTypeId/269506/mealTypeId/15350/rAndBBetter/yes/noTicketsTo/no/noTicketsFrom/no/hotelInStop/no/recommendedFlag/no/onlineConfirmFlag/no/tourMaxPrice/1500000/categoryGreatThan/yes/tourType/1/before/01.11.2025/after/25.10.2025/minNights/7/maxNights/10/currencyId/18864.et.html,https://img.tezapi.eu/hotel/50002385/12_4688_middle.jpg,Hurghada,PICKALBATROS AQUA BLU RESORT HRG,536 EUR,,4,Hotel,,,,,,,,
327422,ROYAL MONTE CARLO SHARM,https://www.teztour.ee/tours/4aba2475c34a7241b66a581d20f341f9/cityId/3746/countryId/5732/adults/2/hotel/327422/hotelTypeId/269506/mealTypeId/15350/rAndBBetter/yes/noTicketsTo/no/noTicketsFrom/no/hotelInStop/no/recommendedFlag/no/onlineConfirmFlag/no/tourMaxPrice/1500000/categoryGreatThan/yes/tourType/1/before/04.11.2025/after/28.10.2025/minNights/7/maxNights/10/currencyId/18864.et.html,https://img.tezapi.eu/hotel/7023150/04_Pool_&_Garden__6389_middle.jpg,Sharm El Sheikh,ROYAL MONTE CARLO SHARM,1382 EUR,,5,Hotel,,,,,,,,
330358,PICKALBATROS AQUA PARK RESORT SHARM EL SHEIKH,https://www.teztour.ee/tours/e11d1b51748f2585d924c06859f3cfdd/cityId/3746/countryId/5732/adults/2/ages/4/hotel/330358/hotelTypeId/269506/mealTypeId/15350/rAndBBetter/yes/noTicketsTo/no/noTicketsFrom/no/hotelInStop/no/recommendedFlag/no/onlineConfirmFlag/no/tourMaxPrice/1500000/categoryGreatThan/yes/tourType/1/before/04.11.2025/after/28.10.2025/minNights/7/maxNights/10/currencyId/18864.et.html,https://img.tezapi.eu/hotel/50003840/Aqua_Park_5_9941_middle.jpg,Sharm El Sheikh,PICKALBATROS AQUA PARK RESORT SHARM EL SHEIKH,832 EUR,,5,Hotel,,,,,,,,
385248,STEIGENBERGER ALCAZAR HOTEL,https://www.teztour.ee/tours/9028f58ebac489629cc6e300069f9caf/cityId/3746/countryId/5732/adults/2/ages/4/hotel/385248/hotelTypeId/269506/mealTypeId/15350/rAndBBetter/yes/noTicketsTo/no/noTicketsFrom/no/hotelInStop/no/recommendedFlag/no/onlineConfirmFlag/no/tourMaxPrice/1500000/categoryGreatThan/yes/tourType/1/before/04.11.2025/after/28.10.2025/minNights/7/maxNights/10/currencyId/18864.et.html,https://img.tezapi.eu/hotel/50004670/572-SHR-Alcazar-Overview-261217_1109_middle.jpg,Sharm El Sheikh,STEIGENBERGER ALCAZAR HOTEL,975 EUR,,5,Hotel,,,,,,,,
385265,JAZ NEO NAAMA BAY (EX.SOLYMAR NAAMA BAY),https://www.teztour.ee/tours/26b8ff1808eb77a0b545f9a582a85e33/cityId/3746/countryId/5732/adults/2/ages/4/hotel/385265/hotelTypeId/269506/mealTypeId/15350/rAndBBetter/yes/noTicketsTo/no/noTicketsFrom/no/hotelInStop/no/recommendedFlag/no/onlineConfirmFlag/no/tourMaxPrice/1500000/categoryGreatThan/yes/tourType/1/before/04.11.2025/after/28.10.2025/minNights/7/maxNights/10/currencyId/18864.et.html,https://img.tezapi.eu/hotel/50005066/Pool-bar_9151_middle.jpg,Sharm El Sheikh,JAZ NEO NAAMA BAY (EX.SOLYMAR NAAMA BAY),523 EUR,,4,Hotel,,,,,,,,
385428,JAZ AQUAMARINE RESORT HURGHADA,https://www.teztour.ee/tours/f28ea5b6a4afa3f014a222bb970c7124/cityId/3746/countryId/5732/adults/2/ages/4/hotel/385428/hotelTypeId/269506/mealTypeId/15350/rAndBBetter/yes/noTicketsTo/no/noTicketsFrom/no/hotelInStop/no/recommendedFlag/no/onlineConfirmFlag/no/tourMaxPrice/1500000/categoryGreatThan/yes/tourType/1/before/13.12.2025/after/06.12.2025/minNights/7/maxNights/10/currencyId/18864.et.html,https://img.tezapi.eu/hotel/50004668/02_Pool-2-202192015_9919_middle.jpg,Hurghada,JAZ AQUAMARINE RESORT HURGHADA,603 EUR,,5,Hotel,,,,,,,,
385520,JAZ DAHABEYA,https://www.teztour.ee/tours/dd337694d81d5de6511c44dfc60e19a9/cityId/3746/countryId/5732/adults/2/ages/4/hotel/385520/hotelTypeId/269506/mealTypeId/15350/rAndBBetter/yes/noTicketsTo/no/noTicketsFrom/no/hotelInStop/no/recommendedFlag/no/onlineConfirmFlag/no/tourMaxPrice/1500000/categoryGreatThan/yes/tourType/1/before/04.11.2025/after/28.10.2025/minNights/7/maxNights/10/currencyId/18864.et.html,https://img.tezapi.eu/hotel/7024404/Pool-2019939_8025_middle.jpg,Dahab,JAZ DAHABEYA,740 EUR,,4,Hotel,,,,,,,,
385541,JAZ AQUAVIVA,https://www.teztour.ee/tours/549684db64fb001672ee15a915730d77/cityId/3746/countryId/5732/adults/2/ages/4/hotel/385541/hotelTypeId/269506/mealTypeId/15350/rAndBBetter/yes/noTicketsTo/no/noTicketsFrom/no/hotelInStop/no/recommendedFlag/no/onlineConfirmFlag/no/tourMaxPrice/1500000/categoryGreatThan/yes/tourType/1/before/13.12.2025/after/06.12.2025/minNights/7/maxNights/10/currencyId/18864.et.html,https://img.tezapi.eu/hotel/50004738/Viva-pool-bar-2_6772_middle.jpg,Makady Bay,JAZ AQUAVIVA,609 EUR,,5,Hotel,,,,,,,,
385760,JAZ MAKADI SARAYA RESORT,https://www.teztour.ee/tours/a2bdd0c0cc6d330c29d9c5ac7d750bfd/cityId/3746/countryId/5732/adults/2/ages/4/hotel/385760/hotelTypeId/269506/mealTypeId/15350/rAndBBetter/yes/noTicketsTo/no/noTicketsFrom/no/hotelInStop/no/recommendedFlag/no/onlineConfirmFlag/no/tourMaxPrice/1500000/categoryGreatThan/yes/tourType/1/before/13.12.2025/after/06.12.2025/minNights/7/maxNights/10/currencyId/18864.et.html,https://img.tezapi.eu/hotel/7024090/01_Overview_4936_middle.jpg,Makady Bay,JAZ MAKADI SARAYA RESORT,641 EUR,,5,Hotel,,,,,,,,
385801,JAZ NEO SARAYA PALMS,https://www.teztour.ee/tours/c161f1c4aec4626c8d69209c8ff70c60/cityId/3746/countryId/5732/adults/2/ages/4/hotel/385801/hotelTypeId/269506/mealTypeId/15350/rAndBBetter/yes/noTicketsTo/no/noTicketsFrom/no/hotelInStop/no/recommendedFlag/no/onlineConfirmFlag/no/tourMaxPrice/1500000/categoryGreatThan/yes/tourType/1/before/13.12.2025/after/06.12.2025/minNights/7/maxNights/10/currencyId/18864.et.html,https://img.tezapi.eu/hotel/50004747/booking76637_1_7471_middle.jpg,Makady Bay,JAZ NEO SARAYA PALMS,636 EUR,,4,Hotel,,,,,,,,
387457,JAZ FANARA SHARM EL SHEIKH,https://www.teztour.ee/tours/aebeaf402c7eb93f22cef72e03a46b8f/cityId/3746/countryId/5732/adults/2/ages/4/hotel/387457/hotelTypeId/269506/mealTypeId/15350/rAndBBetter/yes/noTicketsTo/no/noTicketsFrom/no/hotelInStop/no/recommendedFlag/no/onlineConfirmFlag/no/tourMaxPrice/1500000/categoryGreatThan/yes/tourType/1/before/04.11.2025/after/28.10.2025/minNights/7/maxNights/10/currencyId/18864.et.html,https://img.tezapi.eu/hotel/7024300/Overview-Day_2037_middle.jpg,Sharm El Sheikh,JAZ FANARA SHARM EL SHEIKH,924 EUR,,4,Hotel,,,,,,,,
388202,CATARACT LAYALINA RESORT,https://www.teztour.ee/tours/b0091feda2eb9c6e44d644a96e4b6d72/cityId/3746/countryId/5732/adults/2/ages/4/hotel/388202/hotelTypeId/269506/mealTypeId/15350/rAndBBetter/yes/noTicketsTo/no/noTicketsFrom/no/hotelInStop/no/recommendedFlag/no/onlineConfirmFlag/no/tourMaxPrice/1500000/categoryGreatThan/yes/tourType/1/before/04.11.2025/after/28.10.2025/minNights/7/maxNights/10/currencyId/18864.et.html,https://img.tezapi.eu/hotel/7024348/140488381_6215_middle.jpg,Sharm El Sheikh,CATARACT LAYALINA RESORT,497 EUR,,3,Hotel,,,,,,,,
397471,LEMON & SOUL MAKADI,https://www.teztour.ee/tours/77876308c25d9e01d795425c936f2032/cityId/3746/countryId/5732/adults/2/ages/4/hotel/397471/hotelTypeId/269506/mealTypeId/15350/rAndBBetter/yes/noTicketsTo/no/noTicketsFrom/no/hotelInStop/no/recommendedFlag/no/onlineConfirmFlag/no/tourMaxPrice/1500000/categoryGreatThan/yes/tourType/1/before/13.12.2025/after/06.12.2025/minNights/7/maxNights/10/currencyId/18864.et.html,https://img.tezapi.eu/hotel/50005273/dsc02502_wide_4389_middle.jpg,Makady Bay,LEMON & SOUL MAKADI,443 EUR,,3,Hotel,,,,,,,,
400938,PICKALBATROS SEA WORLD MARSA ALAM,https://www.teztour.ee/tours/6051d0a82434c639adc981966fced1cc/cityId/3746/countryId/5732/adults/2/ages/4/hotel/400938/hotelTypeId/269506/mealTypeId/15350/rAndBBetter/yes/noTicketsTo/no/noTicketsFrom/no/hotelInStop/no/recommendedFlag/no/onlineConfirmFlag/no/tourMaxPrice/1500000/categoryGreatThan/yes/tourType/1/before/13.12.2025/after/06.12.2025/minNights/7/maxNights/10/currencyId/18864.et.html,https://img.tezapi.eu/hotel/50005452/Aqua_Park_2_8712_middle.jpg,Marsa Alam,PICKALBATROS SEA WORLD MARSA ALAM,648 EUR,,5,Hotel,,,,,,,,
402558,ELYSEES DREAM BEACH HOTEL,https://www.teztour.ee/tours/f8b69df0bbc20747c8b3b65e769644a5/cityId/3746/countryId/5732/adults/2/ages/4/hotel/402558/hotelTypeId/269506/mealTypeId/15350/rAndBBetter/yes/noTicketsTo/no/noTicketsFrom/no/hotelInStop/no/recommendedFlag/no/onlineConfirmFlag/no/tourMaxPrice/1500000/categoryGreatThan/yes/tourType/1/before/13.12.2025/after/06.12.2025/minNights/7/maxNights/10/currencyId/18864.et.html,https://img.tezapi.eu/hotel/4391/03_DSC_0256_9240_middle.JPG,Hurghada,ELYSEES DREAM BEACH HOTEL,412 EUR,,4,Hotel,,,,,,,,
403002,JAZ MAKADI OASIS RESORT,https://www.teztour.ee/tours/cddf290839e3e4827218c014d570b327/cityId/3746/countryId/5732/adults/2/ages/4/hotel/403002/hotelTypeId/269506/mealTypeId/15350/rAndBBetter/yes/noTicketsTo/no/noTicketsFrom/no/hotelInStop/no/recommendedFlag/no/onlineConfirmFlag/no/tourMaxPrice/1500000/categoryGreatThan/yes/tourType/1/before/13.12.2025/after/06.12.2025/minNights/7/maxNights/10/currencyId/18864.et.html,https://img.tezapi.eu/hotel/7024715/Overview_4544_middle.jpg,Makady Bay,JAZ MAKADI OASIS RESORT,657 EUR,,5,Hotel,,,,,,,,
403083,JAZ MAKADINA,https://www.teztour.ee/tours/43aee942ba57b351ada815bb6c0ce138/cityId/3746/countryId/5732/adults/2/ages/4/hotel/403083/hotelTypeId/269506/mealTypeId/15350/rAndBBetter/yes/noTicketsTo/no/noTicketsFrom/no/hotelInStop/no/recommendedFlag/no/onlineConfirmFlag/no/tourMaxPrice/1500000/categoryGreatThan/yes/tourType/1/before/13.12.2025/after/06.12.2025/minNights/7/maxNights/10/currencyId/18864.et.html,https://img.tezapi.eu/hotel/7024717/03_Makadina-Overview_8351_middle.jpg,Makady Bay,JAZ MAKADINA,820 EUR,,5,Hotel,,,,,,,,
413951,STEIGENBERGER MAKADI,https://www.teztour.ee/tours/bd0d9defbb863bd887d534c583b8e0a6/cityId/3746/countryId/5732/adults/2/hotel/413951/hotelTypeId/269506/mealTypeId/15350/rAndBBetter/yes/noTicketsTo/no/noTicketsFrom/no/hotelInStop/no/recommendedFlag/no/onlineConfirmFlag/no/tourMaxPrice/1500000/categoryGreatThan/yes/tourType/1/before/01.11.2025/after/25.10.2025/minNights/7/maxNights/10/currencyId/18864.et.html,https://img.tezapi.eu/hotel/4409/01_Overview_3597_middle.jpg,Makady Bay,STEIGENBERGER MAKADI,851 EUR,,5,Hotel,,,,,,,,
428163,TITANIC ROYAL,https://www.teztour.ee/tours/8dd9fade7002331204c1800de5609ad8/cityId/3746/countryId/5732/adults/2/ages/4/hotel/428163/hotelTypeId/269506/mealTypeId/15350/rAndBBetter/yes/noTicketsTo/no/noTicketsFrom/no/hotelInStop/no/recommendedFlag/no/onlineConfirmFlag/no/tourMaxPrice/1500000/categoryGreatThan/yes/tourType/1/before/13.12.2025/after/06.12.2025/minNights/7/maxNights/10/currencyId/18864.et.html,https://img.tezapi.eu/hotel/5411/01__1__6723_middle.jpg,Hurghada,TITANIC ROYAL,599 EUR,,5,Hotel,,,,,,,,
449226,KAISOL ROMANCE HOTEL (EX. SUNRISE ROMANCE RESORT),https://www.teztour.ee/tours/5ff59527149a51d22fb4e02354ca6467/cityId/3746/countryId/5732/adults/2/hotel/449226/hotelTypeId/269506/mealTypeId/15350/rAndBBetter/yes/noTicketsTo/no/noTicketsFrom/no/hotelInStop/no/recommendedFlag/no/onlineConfirmFlag/no/tourMaxPrice/1500000/categoryGreatThan/yes/tourType/1/before/01.11.2025/after/25.10.2025/minNights/7/maxNights/10/currencyId/18864.et.html,https://img.tezapi.eu/hotel/20086/04__RO_Beach_Overview_1_9412_middle.jpg,Sahl Hasheesh,KAISOL ROMANCE HOTEL (EX. SUNRISE ROMANCE RESORT),1638 EUR,,5,Hotel,,,,,,,,
451125,NAAMA WAVES HOTEL,https://www.teztour.ee/tours/91f0c9d4e6ee5d83cecbb37602d47e4c/cityId/3746/countryId/5732/adults/2/ages/4/hotel/451125/hotelTypeId/269506/mealTypeId/15350/rAndBBetter/yes/noTicketsTo/no/noTicketsFrom/no/hotelInStop/no/recommendedFlag/no/onlineConfirmFlag/no/tourMaxPrice/1500000/categoryGreatThan/yes/tourType/1/before/04.11.2025/after/28.10.2025/minNights/7/maxNights/10/currencyId/18864.et.html,https://img.tezapi.eu/hotel/5717/Overview_7096_middle.jpg,Sharm El Sheikh,NAAMA WAVES HOTEL,627 EUR,,5,Hotel,,,,,,,,
479740,STEIGENBERGER RAS SOMA,https://www.teztour.ee/tours/bb16c3b9e0fd4718eeb2b4da8b10628b/cityId/3746/countryId/5732/adults/2/ages/4/hotel/479740/hotelTypeId/269506/mealTypeId/15350/rAndBBetter/yes/noTicketsTo/no/noTicketsFrom/no/hotelInStop/no/recommendedFlag/no/onlineConfirmFlag/no/tourMaxPrice/1500000/categoryGreatThan/yes/tourType/1/before/13.12.2025/after/06.12.2025/minNights/7/maxNights/10/currencyId/18864.et.html,https://img.tezapi.eu/hotel/20806/01_Morning-Overview-1-20214515_9150_middle.jpg,Soma Bay,STEIGENBERGER RAS SOMA,1185 EUR,,5,Hotel,,,,,,,,
494579,SUNRISE AQUA JOY RESORT,https://www.teztour.ee/tours/69f06d6c5e346969460f1118745d9a4b/cityId/3746/countryId/5732/adults/2/ages/4/hotel/494579/hotelTypeId/269506/mealTypeId/15350/rAndBBetter/yes/noTicketsTo/no/noTicketsFrom/no/hotelInStop/no/recommendedFlag/no/onlineConfirmFlag/no/tourMaxPrice/1500000/categoryGreatThan/yes/tourType/1/before/13.12.2025/after/06.12.2025/minNights/7/maxNights/10/currencyId/18864.et.html,https://img.tezapi.eu/hotel/20069/03_Resort_Overview_1_6640_middle.jpg,Hurghada,SUNRISE AQUA JOY RESORT,568 EUR,,4,Hotel,,,,,,,,
553107,MERAKI RESORT,https://www.teztour.ee/tours/caa7a0e666d4b1aaf8e7c899b4202b6a/cityId/3746/countryId/5732/adults/2/hotel/553107/hotelTypeId/269506/mealTypeId/15350/rAndBBetter/yes/noTicketsTo/no/noTicketsFrom/no/hotelInStop/no/recommendedFlag/no/onlineConfirmFlag/no/tourMaxPrice/1500000/categoryGreatThan/yes/tourType/1/before/01.11.2025/after/25.10.2025/minNights/7/maxNights/10/currencyId/18864.et.html,https://img.tezapi.eu/hotel/20106/01__Meraki_Beach_Setup_1518_middle.jpg,Hurghada,MERAKI RESORT,951 EUR,,4,Hotel,,,,,,,,
611281,PALMA DI SHARM RESORT & AQUA PARK,https://www.teztour.ee/tours/f0ad17fcef43380108a1e3dd91a75100/cityId/3746/countryId/5732/adults/2/ages/4/hotel/611281/hotelTypeId/269506/mealTypeId/15350/rAndBBetter/yes/noTicketsTo/no/noTicketsFrom/no/hotelInStop/no/recommendedFlag/no/onlineConfirmFlag/no/tourMaxPrice/1500000/categoryGreatThan/yes/tourType/1/before/04.11.2025/after/28.10.2025/minNights/7/maxNights/10/currencyId/18864.et.html,https://img.tezapi.eu/hotel/18825/IMG_1536_3968_middle.JPG,Sharm El Sheikh,PALMA DI SHARM RESORT & AQUA PARK,459 EUR,,4,Hotel,,,,,,,,
612636,PICKALBATROS WATER VALLEY RESORT BY NEVERLAND,https://www.teztour.ee/tours/36c9cfd706ae52d1805e7756cdff4575/cityId/3746/countryId/5732/adults/2/ages/4/hotel/612636/hotelTypeId/269506/mealTypeId/15350/rAndBBetter/yes/noTicketsTo/no/noTicketsFrom/no/hotelInStop/no/recommendedFlag/no/onlineConfirmFlag/no/tourMaxPrice/1500000/categoryGreatThan/yes/tourType/1/before/13.12.2025/after/06.12.2025/minNights/7/maxNights/10/currencyId/18864.et.html,https://img.tezapi.eu/hotel/21387/Aqua_Park_42_4834_middle.jpg,Hurghada,PICKALBATROS WATER VALLEY RESORT BY NEVERLAND,837 EUR,,5,Hotel,,,,,,,,
614816,PICKALBATROS BLU SPA RESORT HURGHADA,https://www.teztour.ee/tours/00655ff47d6f20b76004efdd583eac8f/cityId/3746/countryId/5732/adults/2/hotel/614816/hotelTypeId/269506/mealTypeId/15350/rAndBBetter/yes/noTicketsTo/no/noTicketsFrom/no/hotelInStop/no/recommendedFlag/no/onlineConfirmFlag/no/tourMaxPrice/1500000/categoryGreatThan/yes/tourType/1/before/01.11.2025/after/25.10.2025/minNights/7/maxNights/10/currencyId/18864.et.html,https://img.tezapi.eu/hotel/21086/featured-copy_5244_middle.jpg,Hurghada,PICKALBATROS BLU SPA RESORT HURGHADA,1058 EUR,,5,Hotel,,,,,,,,
617757,PICKALBATROS ROYAL GRAND RESORT,https://www.teztour.ee/tours/fd97248bb6f402bf8c63cd026067c5fa/cityId/3746/countryId/5732/adults/2/hotel/617757/hotelTypeId/269506/mealTypeId/15350/rAndBBetter/yes/noTicketsTo/no/noTicketsFrom/no/hotelInStop/no/recommendedFlag/no/onlineConfirmFlag/no/tourMaxPrice/1500000/categoryGreatThan/yes/tourType/1/before/04.11.2025/after/28.10.2025/minNights/7/maxNights/10/currencyId/18864.et.html,https://img.tezapi.eu/hotel/19187/17_6903_middle.jpg,Sharm El Sheikh,PICKALBATROS ROYAL GRAND RESORT,1006 EUR,,5,Hotel,,,,,,,,
631688,SUNRISE TUCANA RESORT,https://www.teztour.ee/tours/d7e0b6a039bf88ef371fd807e7c7c676/cityId/3746/countryId/5732/adults/2/ages/4/hotel/631688/hotelTypeId/269506/mealTypeId/15350/rAndBBetter/yes/noTicketsTo/no/noTicketsFrom/no/hotelInStop/no/recommendedFlag/no/onlineConfirmFlag/no/tourMaxPrice/1500000/categoryGreatThan/yes/tourType/1/before/13.12.2025/after/06.12.2025/minNights/7/maxNights/10/currencyId/18864.et.html,https://img.tezapi.eu/hotel/20087/02_2_Pool_9706_middle.JPG,Makady Bay,SUNRISE TUCANA RESORT,854 EUR,,5,Hotel,,,,,,,,
631717,SUNRISE REMAL BEACH,https://www.teztour.ee/tours/ac5b4ade2c2db89b5e52010d368e3234/cityId/3746/countryId/5732/adults/2/ages/4/hotel/631717/hotelTypeId/269506/mealTypeId/15350/rAndBBetter/yes/noTicketsTo/no/noTicketsFrom/no/hotelInStop/no/recommendedFlag/no/onlineConfirmFlag/no/tourMaxPrice/1500000/categoryGreatThan/yes/tourType/1/before/04.11.2025/after/28.10.2025/minNights/7/maxNights/10/currencyId/18864.et.html,https://img.tezapi.eu/hotel/20108/8_2_Entrance_9204_middle.jpg,Sharm El Sheikh,SUNRISE REMAL BEACH,871 EUR,,5,Hotel,,,,,,,,
631843,PICKALBATROS OASIS PORT GHALIB,https://www.teztour.ee/tours/ce304010caa34ce5b6cebdc05a4d4a87/cityId/3746/countryId/5732/adults/2/ages/4/hotel/631843/hotelTypeId/269506/mealTypeId/15350/rAndBBetter/yes/noTicketsTo/no/noTicketsFrom/no/hotelInStop/no/recommendedFlag/no/onlineConfirmFlag/no/tourMaxPrice/1500000/categoryGreatThan/yes/tourType/1/before/13.12.2025/after/06.12.2025/minNights/7/maxNights/10/currencyId/18864.et.html,https://img.tezapi.eu/hotel/20486/Overview_21_2015_middle.png,Marsa Alam,PICKALBATROS OASIS PORT GHALIB,639 EUR,,5,Hotel,,,,,,,,
632030,PICKALBATROS THE PALACE PORT GHALIB,https://www.teztour.ee/tours/fa37fe0eb61f2ba030eccde603a8ac3e/cityId/3746/countryId/5732/adults/2/ages/4/hotel/632030/hotelTypeId/269506/mealTypeId/15350/rAndBBetter/yes/noTicketsTo/no/noTicketsFrom/no/hotelInStop/no/recommendedFlag/no/onlineConfirmFlag/no/tourMaxPrice/1500000/categoryGreatThan/yes/tourType/1/before/13.12.2025/after/06.12.2025/minNights/7/maxNights/10/currencyId/18864.et.html,https://img.tezapi.eu/hotel/20489/Lagoon_1_7724_middle.png,Marsa Alam,PICKALBATROS THE PALACE PORT GHALIB,664 EUR,,5,Hotel,,,,,,,,
632353,PICKALBATROS SANDS PORT GHALIB,https://www.teztour.ee/tours/91517b9845daa49df134d9b4b72fd102/cityId/3746/countryId/5732/adults/2/ages/4/hotel/632353/hotelTypeId/269506/mealTypeId/15350/rAndBBetter/yes/noTicketsTo/no/noTicketsFrom/no/hotelInStop/no/recommendedFlag/no/onlineConfirmFlag/no/tourMaxPrice/1500000/categoryGreatThan/yes/tourType/1/before/13.12.2025/after/06.12.2025/minNights/7/maxNights/10/currencyId/18864.et.html,https://img.tezapi.eu/hotel/20488/Overview_3_1182_middle.jpg,Marsa Alam,PICKALBATROS SANDS PORT GHALIB,639 EUR,,5,Hotel,,,,,,,,
637011,MERAKI RESORT SHARM,https://www.teztour.ee/tours/714136ded01350cb855a7b54db0b57ce/cityId/3746/countryId/5732/adults/2/hotel/637011/hotelTypeId/269506/mealTypeId/15350/rAndBBetter/yes/noTicketsTo/no/noTicketsFrom/no/hotelInStop/no/recommendedFlag/no/onlineConfirmFlag/no/tourMaxPrice/1500000/categoryGreatThan/yes/tourType/1/before/11.11.2025/after/04.11.2025/minNights/7/maxNights/10/currencyId/18864.et.html,https://img.tezapi.eu/hotel/21008/03_Euphoria_Pool__1__9245_middle.jpg,Sharm El Sheikh,MERAKI RESORT SHARM,1311 EUR,,5,Hotel,,,,,,,,
637649,IBEROTEL REDSINA,https://www.teztour.ee/tours/dd314fad486529612e6ccbaac97d0f94/cityId/3746/countryId/5732/adults/2/ages/4/hotel/637649/hotelTypeId/269506/mealTypeId/15350/rAndBBetter/yes/noTicketsTo/no/noTicketsFrom/no/hotelInStop/no/recommendedFlag/no/onlineConfirmFlag/no/tourMaxPrice/1500000/categoryGreatThan/yes/tourType/1/before/04.11.2025/after/28.10.2025/minNights/7/maxNights/10/currencyId/18864.et.html,https://img.tezapi.eu/hotel/20886/over_view__1__5993_middle.jpg,Sharm El Sheikh,IBEROTEL REDSINA,740 EUR,,5,Hotel,,,,,,,,
639934,XANADU MAKADI BAY,https://www.teztour.ee/tours/738831e9270096374c758fa4911173aa/cityId/3746/countryId/5732/adults/2/ages/4/hotel/639934/hotelTypeId/269506/mealTypeId/15350/rAndBBetter/yes/noTicketsTo/no/noTicketsFrom/no/hotelInStop/no/recommendedFlag/no/onlineConfirmFlag/no/tourMaxPrice/1500000/categoryGreatThan/yes/tourType/1/before/13.12.2025/after/06.12.2025/minNights/7/maxNights/10/currencyId/18864.et.html,https://img.tezapi.eu/hotel/21247/01__6__1499_middle.jpg,Makady Bay,XANADU MAKADI BAY,769 EUR,,5,Hotel,,,,,,,,
643427,WHITE HILLS SHARM EL SHEIKH,https://www.teztour.ee/tours/d73fdcaea1667f58028c92fded74e880/cityId/3746/countryId/5732/adults/2/ages/4/hotel/643427/hotelTypeId/269506/mealTypeId/15350/rAndBBetter/yes/noTicketsTo/no/noTicketsFrom/no/hotelInStop/no/recommendedFlag/no/onlineConfirmFlag/no/tourMaxPrice/1500000/categoryGreatThan/yes/tourType/1/before/11.11.2025/after/04.11.2025/minNights/7/maxNights/10/currencyId/18864.et.html,https://img.tezapi.eu/hotel/21710/Beach_4391_middle.jpg,Sharm El Sheikh,WHITE HILLS SHARM EL SHEIKH,1010 EUR,,5,Hotel,,,,,,,,
833986,SERRY BEACH RESORT,https://www.teztour.ee/tours/fe44b748fbbc5efacf19fbd631ead690/cityId/3746/countryId/5732/adults/2/ages/4/hotel/833986/hotelTypeId/269506/mealTypeId/15350/rAndBBetter/yes/noTicketsTo/no/noTicketsFrom/no/hotelInStop/no/recommendedFlag/no/onlineConfirmFlag/no/tourMaxPrice/1500000/categoryGreatThan/yes/tourType/1/before/13.12.2025/after/06.12.2025/minNights/7/maxNights/10/currencyId/18864.et.html,https://img.tezapi.eu/hotel/23906/Main_Pool__1__2116_middle.jpg,Hurghada,SERRY BEACH RESORT,921 EUR,,5,Hotel,,,,,,,,
889715,THE V LUXURY RESORT SAHL HASHEESH,https://www.teztour.ee/tours/23a7766cab06adbc6dd51467d9eb1e3a/cityId/3746/countryId/5732/adults/2/ages/4/hotel/889715/hotelTypeId/269506/mealTypeId/15350/rAndBBetter/yes/noTicketsTo/no/noTicketsFrom/no/hotelInStop/no/recommendedFlag/no/onlineConfirmFlag/no/tourMaxPrice/1500000/categoryGreatThan/yes/tourType/1/before/13.12.2025/after/06.12.2025/minNights/7/maxNights/10/currencyId/18864.et.html,https://img.tezapi.eu/hotel/24368/A__10__1570_middle.jpg,Sahl Hasheesh,THE V LUXURY RESORT SAHL HASHEESH,642 EUR,,5,Hotel,,,,,,,,
3008865,KEMPINSKI HOTEL SOMA BAY,https://www.teztour.ee/tours/a9f0a51e1b757a1b228c274b41c4ca1d/cityId/3746/countryId/5732/adults/2/ages/4/hotel/3008865/hotelTypeId/269506/mealTypeId/15350/rAndBBetter/yes/noTicketsTo/no/noTicketsFrom/no/hotelInStop/no/recommendedFlag/no/onlineConfirmFlag/no/tourMaxPrice/1500000/categoryGreatThan/yes/tourType/1/before/13.12.2025/after/06.12.2025/minNights/7/maxNights/10/currencyId/18864.et.html,https://img.tezapi.eu/hotel/2753/Main_9736_middle.jpg,Soma Bay,KEMPINSKI HOTEL SOMA BAY,721 EUR,,5,Hotel,,,,,,,,
3009257,IBEROTEL CASA DEL MAR RESORT,https://www.teztour.ee/tours/c0f3d0b772512f05c5c6db7fbd6d80c7/cityId/3746/countryId/5732/adults/2/ages/4/hotel/3009257/hotelTypeId/269506/mealTypeId/15350/rAndBBetter/yes/noTicketsTo/no/noTicketsFrom/no/hotelInStop/no/recommendedFlag/no/onlineConfirmFlag/no/tourMaxPrice/1500000/categoryGreatThan/yes/tourType/1/before/13.12.2025/after/06.12.2025/minNights/7/maxNights/10/currencyId/18864.et.html,https://img.tezapi.eu/hotel/993/01_Profile-photo-20199412_3694_middle.jpg,Hurghada,IBEROTEL CASA DEL MAR RESORT,592 EUR,,4,Hotel,,,,,,,,
3016724,ZYA REGINA RESORT & AQUA PARK,https://www.teztour.ee/tours/a30c26acd25d6373983a79577d181eaf/cityId/3746/countryId/5732/adults/2/ages/4/hotel/3016724/hotelTypeId/269506/mealTypeId/15350/rAndBBetter/yes/noTicketsTo/no/noTicketsFrom/no/hotelInStop/no/recommendedFlag/no/onlineConfirmFlag/no/tourMaxPrice/1500000/categoryGreatThan/yes/tourType/1/before/13.12.2025/after/06.12.2025/minNights/7/maxNights/10/currencyId/18864.et.html,https://img.tezapi.eu/hotel/3692/2__Regina_Pool__2_4731_middle.jpg,Hurghada,ZYA REGINA RESORT & AQUA PARK,475 EUR,,4,Hotel,,,,,,,,
7000712,KING TUT AQUA PARK BEACH RESORT,https://www.teztour.ee/tours/a66db8612825e3b805445286acafaf60/cityId/3746/countryId/5732/adults/2/ages/4/hotel/7000712/hotelTypeId/269506/mealTypeId/15350/rAndBBetter/yes/noTicketsTo/no/noTicketsFrom/no/hotelInStop/no/recommendedFlag/no/onlineConfirmFlag/no/tourMaxPrice/1500000/categoryGreatThan/yes/tourType/1/before/13.12.2025/after/06.12.2025/minNights/7/maxNights/10/currencyId/18864.et.html,https://img.tezapi.eu/hotel/2996/298409292_6442_middle.jpg,Hurghada,KING TUT AQUA PARK BEACH RESORT,470 EUR,,4,Hotel,,,,,,,,
9000703,PANORAMA BUNGALOW RESORT EL GOUNA,https://www.teztour.ee/tours/65e8e891552d263c1c71973e5b867350/cityId/3746/countryId/5732/adults/2/ages/4/hotel/9000703/hotelTypeId/269506/mealTypeId/15350/rAndBBetter/yes/noTicketsTo/no/noTicketsFrom/no/hotelInStop/no/recommendedFlag/no/onlineConfirmFlag/no/tourMaxPrice/1500000/categoryGreatThan/yes/tourType/1/before/13.12.2025/after/06.12.2025/minNights/7/maxNights/10/currencyId/18864.et.html,https://img.tezapi.eu/hotel/2405/DJI_0095_7408_middle.jpg,El Gouna,PANORAMA BUNGALOW RESORT EL GOUNA,588 EUR,,4,Hotel,,,,,,,,
9000736,PICKALBATROS LAGUNA VISTA BEACH,https://www.teztour.ee/tours/b9ca3ecf7a3752c720618e0b5afb83c3/cityId/3746/countryId/5732/adults/2/ages/4/hotel/9000736/hotelTypeId/269506/mealTypeId/15350/rAndBBetter/yes/noTicketsTo/no/noTicketsFrom/no/hotelInStop/no/recommendedFlag/no/onlineConfirmFlag/no/tourMaxPrice/1500000/categoryGreatThan/yes/tourType/1/before/04.11.2025/after/28.10.2025/minNights/7/maxNights/10/currencyId/18864.et.html,https://img.tezapi.eu/hotel/1814/WhatsApp_Image_2021-03-20_at_7_39_14_PM_9406_middle.jpeg,Sharm El Sheikh,PICKALBATROS LAGUNA VISTA BEACH,830 EUR,,5,Hotel,,,,,,,,
9000832,JAZ MIRABEL BEACH,https://www.teztour.ee/tours/e98d89632469ef5a7cd8461cb3f29f64/cityId/3746/countryId/5732/adults/2/ages/4/hotel/9000832/hotelTypeId/269506/mealTypeId/15350/rAndBBetter/yes/noTicketsTo/no/noTicketsFrom/no/hotelInStop/no/recommendedFlag/no/onlineConfirmFlag/no/tourMaxPrice/1500000/categoryGreatThan/yes/tourType/1/before/04.11.2025/after/28.10.2025/minNights/7/maxNights/10/currencyId/18864.et.html,https://img.tezapi.eu/hotel/1568/Pool-1-20185216_9470_middle.jpg,Sharm El Sheikh,JAZ MIRABEL BEACH,695 EUR,,5,Hotel,,,,,,,,
9001066,SUNRISE DIAMOND BEACH,https://www.teztour.ee/tours/b8205071583445422c02ebe00261694b/cityId/3746/countryId/5732/adults/2/ages/4/hotel/9001066/hotelTypeId/269506/mealTypeId/15350/rAndBBetter/yes/noTicketsTo/no/noTicketsFrom/no/hotelInStop/no/recommendedFlag/no/onlineConfirmFlag/no/tourMaxPrice/1500000/categoryGreatThan/yes/tourType/1/before/18.11.2025/after/11.11.2025/minNights/7/maxNights/10/currencyId/18864.et.html,https://img.tezapi.eu/hotel/2648/03__Splash_Pool_3882_middle.jpg,Sharm El Sheikh,SUNRISE DIAMOND BEACH,965 EUR,,5,Hotel,,,,,,,,
9001159,SENTIDO MAMLOUK PALACE,https://www.teztour.ee/tours/4906be64a3f0290b1bdb1301788832f5/cityId/3746/countryId/5732/adults/2/ages/4/hotel/9001159/hotelTypeId/269506/mealTypeId/15350/rAndBBetter/yes/noTicketsTo/no/noTicketsFrom/no/hotelInStop/no/recommendedFlag/no/onlineConfirmFlag/no/tourMaxPrice/1500000/categoryGreatThan/yes/tourType/1/before/13.12.2025/after/06.12.2025/minNights/7/maxNights/10/currencyId/18864.et.html,https://img.tezapi.eu/hotel/3470/03_MP_Pool_Overview___2__7088_middle.JPG,Hurghada,SENTIDO MAMLOUK PALACE,620 EUR,,5,Hotel,,,,,,,,
9001173,TITANIC BEACH RESORT SPA & AQUA PARK,https://www.teztour.ee/tours/808c0a28f428abee49ff8fe99f2085d3/cityId/3746/countryId/5732/adults/2/ages/4/hotel/9001173/hotelTypeId/269506/mealTypeId/15350/rAndBBetter/yes/noTicketsTo/no/noTicketsFrom/no/hotelInStop/no/recommendedFlag/no/onlineConfirmFlag/no/tourMaxPrice/1500000/categoryGreatThan/yes/tourType/1/before/13.12.2025/after/06.12.2025/minNights/7/maxNights/10/currencyId/18864.et.html,https://img.tezapi.eu/hotel/386/DSC_9990_8847_middle.jpg,Hurghada,TITANIC BEACH RESORT SPA & AQUA PARK,533 EUR,,5,Hotel,,,,,,,,
9001179,PYRAMISA SAHL HASHEESH BEACH RESORT,https://www.teztour.ee/tours/21a3fe053d8ead32bbc2d1ce252107d8/cityId/3746/countryId/5732/adults/2/ages/4/hotel/9001179/hotelTypeId/269506/mealTypeId/15350/rAndBBetter/yes/noTicketsTo/no/noTicketsFrom/no/hotelInStop/no/recommendedFlag/no/onlineConfirmFlag/no/tourMaxPrice/1500000/categoryGreatThan/yes/tourType/1/before/13.12.2025/after/06.12.2025/minNights/7/maxNights/10/currencyId/18864.et.html,https://img.tezapi.eu/hotel/2652/02__7__1011_middle.jpg,Sahl Hasheesh,PYRAMISA SAHL HASHEESH BEACH RESORT,560 EUR,,5,Hotel,,,,,,,,
9001246,DREAMS VACATION RESORT SHARM,https://www.teztour.ee/tours/cc03912b0f298f2f61bbe6df7a9f063e/cityId/3746/countryId/5732/adults/2/ages/4/hotel/9001246/hotelTypeId/269506/mealTypeId/15350/rAndBBetter/yes/noTicketsTo/no/noTicketsFrom/no/hotelInStop/no/recommendedFlag/no/onlineConfirmFlag/no/tourMaxPrice/1500000/categoryGreatThan/yes/tourType/1/before/04.11.2025/after/28.10.2025/minNights/7/maxNights/10/currencyId/18864.et.html,https://img.tezapi.eu/hotel/3717/6_1895_middle.JPG,Sharm El Sheikh,DREAMS VACATION RESORT SHARM,534 EUR,,4,Hotel,,,,,,,,
9001382,XPERIENCE KIROSEIZ PARKLAND & AQUA PARK,https://www.teztour.ee/tours/766b53e5a6d3cce462f2cd9349a7fbd3/cityId/3746/countryId/5732/adults/2/ages/4/hotel/9001382/hotelTypeId/269506/mealTypeId/15350/rAndBBetter/yes/noTicketsTo/no/noTicketsFrom/no/hotelInStop/no/recommendedFlag/no/onlineConfirmFlag/no/tourMaxPrice/1500000/categoryGreatThan/yes/tourType/1/before/04.11.2025/after/28.10.2025/minNights/7/maxNights/10/currencyId/18864.et.html,https://img.tezapi.eu/hotel/1853/parkland_edited29_2295_middle.jpg,Sharm El Sheikh,XPERIENCE KIROSEIZ PARKLAND & AQUA PARK,578 EUR,,5,Hotel,,,,,,,,
9001394,XPERIENCE SAINT GEORGE HOMESTAY,https://www.teztour.ee/tours/1ee7064c293e3453bf39e7f5e4ec9021/cityId/3746/countryId/5732/adults/2/ages/4/hotel/9001394/hotelTypeId/269506/mealTypeId/15350/rAndBBetter/yes/noTicketsTo/no/noTicketsFrom/no/hotelInStop/no/recommendedFlag/no/onlineConfirmFlag/no/tourMaxPrice/1500000/categoryGreatThan/yes/tourType/1/before/04.11.2025/after/28.10.2025/minNights/7/maxNights/10/currencyId/18864.et.html,https://img.tezapi.eu/hotel/3094/Main_Pool_3021_middle.jpg,Sharm El Sheikh,XPERIENCE SAINT GEORGE HOMESTAY,522 EUR,,4,Hotel,,,,,,,,
9002715,"REHANA ROYAL BEACH RESORT, AQUA PARK & SPA",https://www.teztour.ee/tours/8af8e99bb9887ca76225dabbe0366e4d/cityId/3746/countryId/5732/adults/2/ages/4/hotel/9002715/hotelTypeId/269506/mealTypeId/15350/rAndBBetter/yes/noTicketsTo/no/noTicketsFrom/no/hotelInStop/no/recommendedFlag/no/onlineConfirmFlag/no/tourMaxPrice/1500000/categoryGreatThan/yes/tourType/1/before/04.11.2025/after/28.10.2025/minNights/7/maxNights/10/currencyId/18864.et.html,https://img.tezapi.eu/hotel/1614/Swimming_pools_1_8452_middle.jpg,Sharm El Sheikh,"REHANA ROYAL BEACH RESORT, AQUA PARK & SPA",617 EUR,,5,Hotel,,,,,,,,
9002766,CHARMILLION GARDENS AQUA PARK,https://www.teztour.ee/tours/8948009a990e1bec082c3458d347d76c/cityId/3746/countryId/5732/adults/2/ages/4/hotel/9002766/hotelTypeId/269506/mealTypeId/15350/rAndBBetter/yes/noTicketsTo/no/noTicketsFrom/no/hotelInStop/no/recommendedFlag/no/onlineConfirmFlag/no/tourMaxPrice/1500000/categoryGreatThan/yes/tourType/1/before/11.11.2025/after/04.11.2025/minNights/7/maxNights/10/currencyId/18864.et.html,https://img.tezapi.eu/hotel/2862/CHARMILLION_GARDENS_AQUA_PARK_00__63__9979_middle.jpg,Sharm El Sheikh,CHARMILLION GARDENS AQUA PARK,669 EUR,,4,Hotel,,,,,,,,
9002783,PICKALBATROS CITADEL RESORT,https://www.teztour.ee/tours/8204af9230d57414e88760daff9f48f1/cityId/3746/countryId/5732/adults/2/ages/4/hotel/9002783/hotelTypeId/269506/mealTypeId/15350/rAndBBetter/yes/noTicketsTo/no/noTicketsFrom/no/hotelInStop/no/recommendedFlag/no/onlineConfirmFlag/no/tourMaxPrice/1500000/categoryGreatThan/yes/tourType/1/before/13.12.2025/after/06.12.2025/minNights/7/maxNights/10/currencyId/18864.et.html,https://img.tezapi.eu/hotel/96/2__43__6527_middle.jpg,Sahl Hasheesh,PICKALBATROS CITADEL RESORT,639 EUR,,5,Hotel,,,,,,,,
10043586,SUNRISE DIAMOND BEACH - POSH CLUB,https://www.teztour.ee/tours/7863e4c86751338661ea92b7b6784cb8/cityId/3746/countryId/5732/adults/2/ages/4/hotel/10043586/hotelTypeId/269506/mealTypeId/15350/rAndBBetter/yes/noTicketsTo/no/noTicketsFrom/no/hotelInStop/no/recommendedFlag/no/onlineConfirmFlag/no/tourMaxPrice/1500000/categoryGreatThan/yes/tourType/1/before/18.11.2025/after/11.11.2025/minNights/7/maxNights/10/currencyId/18864.et.html,https://img.tezapi.eu/hotel/27558/ac991b3ba93854828ccaaaecf53da050_4997_middle.jpg,Sharm El Sheikh,SUNRISE DIAMOND BEACH - POSH CLUB,1156 EUR,,5,Hotel,,,,,,,,
10043592,WHITE HILLS SHARM EL SHEIKH - POSH CLUB,https://www.teztour.ee/tours/6e11f2c54398cb239e73bc6e32d3a373/cityId/3746/countryId/5732/adults/2/ages/4/hotel/10043592/hotelTypeId/269506/mealTypeId/15350/rAndBBetter/yes/noTicketsTo/no/noTicketsFrom/no/hotelInStop/no/recommendedFlag/no/onlineConfirmFlag/no/tourMaxPrice/1500000/categoryGreatThan/yes/tourType/1/before/04.11.2025/after/28.10.2025/minNights/7/maxNights/10/currencyId/18864.et.html,https://img.tezapi.eu/hotel/27477/647db2f8a766d_9288_middle.jpg,Sharm El Sheikh,WHITE HILLS SHARM EL SHEIKH - POSH CLUB,1362 EUR,,5,Hotel,,,,,,,,
10043598,SUNRISE GRAND SELECT MONTEMARE - POSH CLUB,https://www.teztour.ee/tours/e8afadedc122a36e574a5206c288552d/cityId/3746/countryId/5732/adults/2/ages/4/hotel/10043598/hotelTypeId/269506/mealTypeId/15350/rAndBBetter/yes/noTicketsTo/no/noTicketsFrom/no/hotelInStop/no/recommendedFlag/no/onlineConfirmFlag/no/tourMaxPrice/1500000/categoryGreatThan/yes/tourType/1/before/11.11.2025/after/04.11.2025/minNights/7/maxNights/10/currencyId/18864.et.html,https://img.tezapi.eu/hotel/27737/3_1_Splash_Pool_4856_middle.jpg,Sharm El Sheikh,SUNRISE GRAND SELECT MONTEMARE - POSH CLUB,1372 EUR,,5,Hotel,,,,,,,,
10055860,PICKALBATROS LAGUNA CLUB RESORT,https://www.teztour.ee/tours/0edac508d416ab2fdf799941ffb3199e/cityId/3746/countryId/5732/adults/2/ages/4/hotel/10055860/hotelTypeId/269506/mealTypeId/15350/rAndBBetter/yes/noTicketsTo/no/noTicketsFrom/no/hotelInStop/no/recommendedFlag/no/onlineConfirmFlag/no/tourMaxPrice/1500000/categoryGreatThan/yes/tourType/1/before/04.11.2025/after/28.10.2025/minNights/7/maxNights/10/currencyId/18864.et.html,https://img.tezapi.eu/hotel/25651/Laguna_Vista_Pools__2973_middle.jpg,Sharm El Sheikh,PICKALBATROS LAGUNA CLUB RESORT,696 EUR,,4,Hotel,,,,,,,,
10173055,POSH CLUB BY SUNRISE TUCANA RESORT - GRAND SELECT,https://www.teztour.ee/tours/96a1029031c750e569c682898f68981e/cityId/3746/countryId/5732/adults/2/hotel/10173055/hotelTypeId/269506/mealTypeId/15350/rAndBBetter/yes/noTicketsTo/no/noTicketsFrom/no/hotelInStop/no/recommendedFlag/no/onlineConfirmFlag/no/tourMaxPrice/1500000/categoryGreatThan/yes/tourType/1/before/01.11.2025/after/25.10.2025/minNights/7/maxNights/10/currencyId/18864.et.html,https://img.tezapi.eu/hotel/26236/03_2_Royal_Club_Pool_6174_5549_middle.jpg,Makady Bay,POSH CLUB BY SUNRISE TUCANA RESORT - GRAND SELECT,2226 EUR,,5,Hotel,,,,,,,,
10220059,ALBATROS MAKADI RESORT,https://www.teztour.ee/tours/aaed9695b1f07974ca016faaa605364e/cityId/3746/countryId/5732/adults/2/ages/4/hotel/10220059/hotelTypeId/269506/mealTypeId/15350/rAndBBetter/yes/noTicketsTo/no/noTicketsFrom/no/hotelInStop/no/recommendedFlag/no/onlineConfirmFlag/no/tourMaxPrice/1500000/categoryGreatThan/yes/tourType/1/before/13.12.2025/after/06.12.2025/minNights/7/maxNights/10/currencyId/18864.et.html,https://img.tezapi.eu/hotel/26374/Overview_2_3714_middle.jpg,Makady Bay,ALBATROS MAKADI RESORT,579 EUR,,5,Hotel,,,,,,,,
10234721,SUNRISE GRAND SELECT CRYSTAL BAY - POSH CLUB,https://www.teztour.ee/tours/91dfe80748d9bca042841ee09937946b/cityId/3746/countryId/5732/adults/2/ages/4/hotel/10234721/hotelTypeId/269506/mealTypeId/15350/rAndBBetter/yes/noTicketsTo/no/noTicketsFrom/no/hotelInStop/no/recommendedFlag/no/onlineConfirmFlag/no/tourMaxPrice/1500000/categoryGreatThan/yes/tourType/1/before/13.12.2025/after/06.12.2025/minNights/7/maxNights/10/currencyId/18864.et.html,https://img.tezapi.eu/hotel/26517/2_5_Pool_Overeview_8182_middle.jpg,Hurghada,SUNRISE GRAND SELECT CRYSTAL BAY - POSH CLUB,935 EUR,,5,Hotel,,,,,,,,
10373197,CLUB PRIVE BY RIXOS,https://www.teztour.ee/tours/909dc9bdeb24cfee2e618875c493fb99/cityId/3746/countryId/5732/adults/2/ages/4/hotel/10373197/hotelTypeId/269506/mealTypeId/15350/rAndBBetter/yes/noTicketsTo/no/noTicketsFrom/no/hotelInStop/no/recommendedFlag/no/onlineConfirmFlag/no/tourMaxPrice/1500000/categoryGreatThan/yes/tourType/1/before/04.11.2025/after/28.10.2025/minNights/7/maxNights/10/currencyId/18864.et.html,https://img.tezapi.eu/hotel/27476/Villa_Prive_2_3434_middle.jpg,Sharm El Sheikh,CLUB PRIVE BY RIXOS,6211 EUR,,5,Hotel,,,,,,,,
10442202,JAZ ELITE ASTERIA,https://www.teztour.ee/tours/bdcd09c18ff82e6f133639beb76d6e17/cityId/3746/countryId/5732/adults/2/ages/4/hotel/10442202/hotelTypeId/269506/mealTypeId/15350/rAndBBetter/yes/noTicketsTo/no/noTicketsFrom/no/hotelInStop/no/recommendedFlag/no/onlineConfirmFlag/no/tourMaxPrice/1500000/categoryGreatThan/yes/tourType/1/before/13.12.2025/after/06.12.2025/minNights/7/maxNights/10/currencyId/18864.et.html,https://img.tezapi.eu/hotel/27414/8335_JAZ_Elite_Asteria__OVERVIEW_9_2011_middle.jpg,Sahl Hasheesh,JAZ ELITE ASTERIA,693 EUR,,5,Hotel,,,,,,,,
10457904,RIXOS RADAMIS SHARM EL SHEIKH,https://www.teztour.ee/tours/1eeae2264596284c4cedb62a5fcc71eb/cityId/3746/countryId/5732/adults/2/ages/4/hotel/10457904/hotelTypeId/269506/mealTypeId/15350/rAndBBetter/yes/noTicketsTo/no/noTicketsFrom/no/hotelInStop/no/recommendedFlag/no/onlineConfirmFlag/no/tourMaxPrice/1500000/categoryGreatThan/yes/tourType/1/before/04.11.2025/after/28.10.2025/minNights/7/maxNights/10/currencyId/18864.et.html,https://img.tezapi.eu/hotel/27595/derw_3001_middle.jpg,Sharm El Sheikh,RIXOS RADAMIS SHARM EL SHEIKH,990 EUR,,5,Hotel,,,,,,,,
10467029,SUNRISE REMAL BEACH - POSH CLUB,https://www.teztour.ee/tours/a548e34ad6a77b2c3b8f5a92e69482f4/cityId/3746/countryId/5732/adults/2/ages/4/hotel/10467029/hotelTypeId/269506/mealTypeId/15350/rAndBBetter/yes/noTicketsTo/no/noTicketsFrom/no/hotelInStop/no/recommendedFlag/no/onlineConfirmFlag/no/tourMaxPrice/1500000/categoryGreatThan/yes/tourType/1/before/04.11.2025/after/28.10.2025/minNights/7/maxNights/10/currencyId/18864.et.html,https://img.tezapi.eu/hotel/29814/14_1_Posh_Pool_Bar_2456_middle.jpg,Sharm El Sheikh,SUNRISE REMAL BEACH - POSH CLUB,1171 EUR,,5,Hotel,,,,,,,,
10565414,FLOW SPECTRUM RESORT SAHL HASHEESH,https://www.teztour.ee/tours/8d99a64cb9711a663da13c64a0b3a43c/cityId/3746/countryId/5732/adults/2/ages/4/hotel/10565414/hotelTypeId/269506/mealTypeId/15350/rAndBBetter/yes/noTicketsTo/no/noTicketsFrom/no/hotelInStop/no/recommendedFlag/no/onlineConfirmFlag/no/tourMaxPrice/1500000/categoryGreatThan/yes/tourType/1/before/13.12.2025/after/06.12.2025/minNights/7/maxNights/10/currencyId/18864.et.html,https://img.tezapi.eu/hotel/28254/Flow_Sahlhasesh__2_A_8653_middle.jpg,Sahl Hasheesh,FLOW SPECTRUM RESORT SAHL HASHEESH,523 EUR,,4,Hotel,,,,,,,,
10590717,SUNRISE ALORA AQUA PARK RESORT,https://www.teztour.ee/tours/ab6a84585d54da4ff429a10e32c68814/cityId/3746/countryId/5732/adults/2/ages/4/hotel/10590717/hotelTypeId/269506/mealTypeId/15350/rAndBBetter/yes/noTicketsTo/no/noTicketsFrom/no/hotelInStop/no/recommendedFlag/no/onlineConfirmFlag/no/tourMaxPrice/1500000/categoryGreatThan/yes/tourType/1/before/13.12.2025/after/06.12.2025/minNights/7/maxNights/10/currencyId/18864.et.html,https://img.tezapi.eu/hotel/29255/3_4_Resort_Overview_2993_middle.jpg,Hurghada,SUNRISE ALORA AQUA PARK RESORT,568 EUR,,4,Hotel,,,,,,,,
10590925,SUNRISE SOLARA RESORT,https://www.teztour.ee/tours/df29eaf35e7ef6a1ec4e1730a66a87d9/cityId/3746/countryId/5732/adults/2/ages/4/hotel/10590925/hotelTypeId/269506/mealTypeId/15350/rAndBBetter/yes/noTicketsTo/no/noTicketsFrom/no/hotelInStop/no/recommendedFlag/no/onlineConfirmFlag/no/tourMaxPrice/1500000/categoryGreatThan/yes/tourType/1/before/13.12.2025/after/06.12.2025/minNights/7/maxNights/10/currencyId/18864.et.html,https://img.tezapi.eu/hotel/29254/2_3_Resort_Overview_5931_middle.jpg,Hurghada,SUNRISE SOLARA RESORT,557 EUR,,4,Hotel,,,,,,,,
10591134,EMPIRE HOTEL AQUA PARK,https://www.teztour.ee/tours/dad280ec230d5577d043dac99f41b5d4/cityId/3746/countryId/5732/adults/2/ages/4/hotel/10591134/hotelTypeId/269506/mealTypeId/15350/rAndBBetter/yes/noTicketsTo/no/noTicketsFrom/no/hotelInStop/no/recommendedFlag/no/onlineConfirmFlag/no/tourMaxPrice/1500000/categoryGreatThan/yes/tourType/1/before/13.12.2025/after/06.12.2025/minNights/7/maxNights/10/currencyId/18864.et.html,https://img.tezapi.eu/hotel/29286/7_4383_middle.jpg,Hurghada,EMPIRE HOTEL AQUA PARK,398 EUR,,3,Hotel,,,,,,,,
10591207,ROYAL STAR BEACH RESORT,https://www.teztour.ee/tours/cadf0107415ccb7b8ed6c887b12a95b2/cityId/3746/countryId/5732/adults/2/ages/4/hotel/10591207/hotelTypeId/269506/mealTypeId/15350/rAndBBetter/yes/noTicketsTo/no/noTicketsFrom/no/hotelInStop/no/recommendedFlag/no/onlineConfirmFlag/no/tourMaxPrice/1500000/categoryGreatThan/yes/tourType/1/before/13.12.2025/after/06.12.2025/minNights/7/maxNights/10/currencyId/18864.et.html,https://img.tezapi.eu/hotel/29314/11_16_middle.jpg,Hurghada,ROYAL STAR BEACH RESORT,456 EUR,,4,Hotel,,,,,,,,
10591210,EMPIRE BEACH AQUA PARK,https://www.teztour.ee/tours/d1701ebdf55857d26d9fea0becd9ca18/cityId/3746/countryId/5732/adults/2/ages/4/hotel/10591210/hotelTypeId/269506/mealTypeId/15350/rAndBBetter/yes/noTicketsTo/no/noTicketsFrom/no/hotelInStop/no/recommendedFlag/no/onlineConfirmFlag/no/tourMaxPrice/1500000/categoryGreatThan/yes/tourType/1/before/13.12.2025/after/06.12.2025/minNights/7/maxNights/10/currencyId/18864.et.html,https://img.tezapi.eu/hotel/29315/get18_3442_middle.jpg,Hurghada,EMPIRE BEACH AQUA PARK,417 EUR,,3,Hotel,,,,,,,,
10594885,SUNRISE LE JARDIN AQUA PARK RESORT,https://www.teztour.ee/tours/3bfea7e43360c2987608463cb2d09c6a/cityId/3746/countryId/5732/adults/2/ages/4/hotel/10594885/hotelTypeId/269506/mealTypeId/15350/rAndBBetter/yes/noTicketsTo/no/noTicketsFrom/no/hotelInStop/no/recommendedFlag/no/onlineConfirmFlag/no/tourMaxPrice/1500000/categoryGreatThan/yes/tourType/1/before/13.12.2025/after/06.12.2025/minNights/7/maxNights/10/currencyId/18864.et.html,https://img.tezapi.eu/hotel/29735/2_2_Aqua_pool_3510_middle.jpg,Hurghada,SUNRISE LE JARDIN AQUA PARK RESORT,547 EUR,,4,Hotel,,,,,,,,
10595301,RIVIERA AQUA PARK RESORT,https://www.teztour.ee/tours/42e3ee70474edfaa1b8ab6b88284991b/cityId/3746/countryId/5732/adults/2/ages/4/hotel/10595301/hotelTypeId/269506/mealTypeId/15350/rAndBBetter/yes/noTicketsTo/no/noTicketsFrom/no/hotelInStop/no/recommendedFlag/no/onlineConfirmFlag/no/tourMaxPrice/1500000/categoryGreatThan/yes/tourType/1/before/13.12.2025/after/06.12.2025/minNights/7/maxNights/10/currencyId/18864.et.html,https://img.tezapi.eu/hotel/29818/11_1_Overview_2764_middle.jpg,Hurghada,RIVIERA AQUA PARK RESORT,550 EUR,,4,Hotel,,,,,,,,
